beans_resnet18_imagenet,beans_resnet34_imagenet,beans_mobilenet_v3_small_imagenet,beans_maxvit_t_imagenet,brain_tumor_resnet18_imagenet,brain_tumor_resnet34_imagenet
0.8739429170472552,0.0395916976717904,0.3017849136863654,0.9026649712390302,0.8899511556108086,0.3948116631160472
0.1216698919388512,0.5876488649282886,0.9017965738312425,0.3642826738256424,0.4959277014037765,0.46344847368891606
0.2909319741915177,0.4654080901391132,0.8444771949033142,0.1086700357847491,0.8151878494936163,0.2788834217563638
0.3340486177950029,0.3117631911567626,0.9503634341436618,0.5575863692119136,0.0501262961642223,0.16076292540376536
0.7912527278822532,0.0334011091461026,0.05990343666624,0.4203368028016333,0.6900079744447343,0.2295282902773178
0.2678430958114854,0.8003966199534884,0.0696023151122259,0.7866212960774382,0.8299027906854937,0.5255660236223572
0.3626740430100318,0.1256413611493221,0.1929207455699725,0.9790015897786558,0.0441287755306269,0.25808234051789536
0.8827743381975958,0.2423977366162382,0.0012556174711295,0.9477791943316816,0.9114096236077366,0.4584125388391471
0.0542789888284001,0.5219416672350863,0.3057918728688883,0.0441045986580187,0.3968713467740482,0.7385443612094216
0.8983660529584473,0.0270300305488697,0.2005613468484306,0.8659544375094737,0.4918440857550356,0.6505352955392254
0.4748469579099253,0.0349748666835663,0.7228594891815184,0.6507361108145414,0.3488054855826966,0.06390297051244831
0.7635225120783351,0.2103807545329966,0.1046966645136825,0.5401170843461298,0.2888306671972771,0.36665865278786824
0.6508492319106107,0.2175414147063109,0.0770242247214707,0.2411022178826446,0.4265684499359098,0.14440002860389445
0.1753642723854114,0.2869747677609754,0.3955566622729058,0.9503234757767538,0.3842769254323233,0.8515130200940701
0.1809606889751446,0.0611527518793146,0.0351063833836334,0.5514124740588507,0.6828746170087034,0.46325534039391947
0.4940591158498548,0.6557332938387977,0.3718830388239545,0.2539318706177152,0.5925465586447746,0.0650148926298908
0.072637981837774,0.4538830278257086,0.8853894245022901,0.1008724079330478,0.3666662838868914,0.22636402790996846
0.1058517637174846,0.3418201996187313,0.6153739762495101,0.9443672955842328,0.0015866773091678,0.7147660373463014
0.1592480963631976,0.3214877758997249,0.0511382365984888,0.9024738077278824,0.6097152321765621,0.4261749551545053
0.6494289493306097,0.7254906011114817,0.4463221248397114,0.8289582965053213,0.2647075395269694,0.5527194540245659
0.4620841929977421,0.1445007510011814,0.2016652817458171,0.1020359190643005,0.873351610685011,0.7526579400703818
0.1193677055117964,0.2945789083429178,0.2062953034246851,0.8708149975462758,0.5315055590276664,0.4430033880737042
0.8913121487960535,0.2848192890684454,0.0403832564370637,0.1642135004039071,0.1461947971949506,0.6981976322524642
0.8336556656949362,0.4715073228618077,0.1199167158367583,0.5703630339517302,0.5196096816200373,0.8715945216487486
0.6086987988766435,0.2387087763682783,0.0063364168996719,0.0229253326834688,0.2229015547431556,0.26428351243053017
0.001311661427098,0.2993095267022191,0.2691730052960349,0.1092847064003526,0.660285795303008,0.21526093769074406
0.1286773618209911,0.8464475299315617,0.1220103302982362,0.4432367727021823,0.3472596819602277,0.6911068674463117
0.1627871232572144,0.8038760520987894,0.0397248705005008,0.9481518200424912,0.1441208436174718,0.14981503931106754
0.138520979039328,0.2709151715645095,0.0750337127544135,0.6511422183520827,0.2787836779460447,0.4848391303617229
0.1957772799878736,0.424292374325812,0.0971294319261133,0.0607215056881741,0.0451889631533986,0.710886879098569
0.5974648281682846,0.1517409447126264,0.1568952034907018,0.7027554348852195,0.0238404138984542,0.7488113865996474
0.0721353958033061,0.9207599615630156,0.296887127983216,0.465293865468296,0.9651118506306312,0.3570810257347151
0.2938237229261544,0.1649174621199454,0.3115861043356464,0.0246061887654128,0.92770403902481,0.058342436641216744
0.1232525238636488,0.6584904865103852,0.4482701701368743,0.402342404026502,0.0395322495659316,0.9861502292020051
0.0207235873488982,0.2259564185503573,0.410313357793213,0.0468904402355557,0.0747355679836283,0.9811854787970278
0.2043106093627456,0.492871357662181,0.5324708412756738,0.7052959244221534,0.5075342137672497,0.7597997521881033
0.3735396144019431,0.5788756676643532,0.047191681326585,0.8078602822282754,0.0494241516060257,0.8631784147115044
0.962435171137015,0.0477559196141881,0.2019241522793052,0.1971109765183972,0.3709122623152674,0.3336506795610298
0.6635346555396029,0.937580018121937,0.0142282787045514,0.5958549248540728,0.7703770548612822,0.03215885006010999
0.6213418378761754,0.6970725528363512,0.2249630704550266,0.3898508827902432,0.3795141066459933,0.8390950444672837
0.9539779895645758,0.1517905066078568,0.8620680250729329,0.9436159519013808,0.93359876494616,0.7689498903755675
0.2313648518293513,0.8836452091285538,0.5701749541557309,0.1848807455914791,0.254971905594251,0.36211603172584894
0.0242681218399102,0.0720428684629608,0.6143163376202263,0.6906080735133203,0.1836500699861618,0.21473981674355147
0.2923516042230398,0.9396490036391196,0.288906500460926,0.2586655738445459,0.5898318430033173,0.09099656270104728
0.74556468133128,0.1416102677038174,0.2236656563544451,0.6523839218995224,0.8018137963601376,0.6582599520055701
0.0240319320941424,0.001651582080101,0.5094869375037083,0.1365063112408092,0.2301229523714048,0.8367085121945865
0.660310452176635,0.9368352293076718,0.2205626172929484,0.986233884697973,0.9322775227217884,0.7969819957019977
0.0862609467015106,0.290095786389496,0.1022854859877283,0.2029284848899278,0.118537034103323,0.5648164359411852
0.2256469239898849,0.4144543053967907,0.1800778698784718,0.0815084691308259,0.1548617543505629,0.2993375607477222
0.7395337337361848,0.1561169949232128,0.5418598009727603,0.8557318779710069,0.8112449806733255,0.08219641911384301
0.4131742388574515,0.3295610069080047,0.1782534270178191,0.3250917510228148,0.1342678060307941,0.27233419329491226
0.5632392353688598,0.2216265065096406,0.6905886961556601,0.282553632195784,0.4468708929481493,0.7203947063385664
0.6178710161915971,0.917638989763032,0.4525331829010732,0.3591289373854375,0.9716173960312344,0.771223712697792
0.7344694353499344,0.1489423598944959,0.4784133259182405,0.6082556008148867,0.9307459565596252,0.20002935650690357
0.3897777999764736,0.5100385159491981,0.5636312436261122,0.5541553620378883,0.1244403772529432,0.23024346452464628
0.0698496491990187,0.2900156101444312,0.2460383602991523,0.5160268133664926,0.5545155367362224,0.3360671184128641
0.5941443278915395,0.5344543729095692,0.2113826477907211,0.1270202471761847,0.4709000465693026,0.22430512748575282
0.6584326336734518,0.5280863190865859,0.8145220093784857,0.7807613494558867,0.1212586336630576,0.8427284097632309
0.8641792252070674,0.5648512129545066,0.0720567692977786,0.0021243104663954,0.5356856286405499,0.1517193262470372
0.1030181084492828,0.0049758266738817,0.6116645910622902,0.4913521097262106,0.0898737654105668,0.8200594368424232
0.7046249964408329,0.5147376415753611,0.1295697842000274,0.7620976126632746,0.5516415243284647,0.033311092737841386
0.047795989888154,0.1948153228219714,0.1829284234884027,0.1989191140752159,0.0444839524417629,0.28029039841884584
0.2498320069911046,0.1930393483078656,0.8763012642903918,0.2892539615507465,0.903162425770178,0.11884610851189159
0.0801631106346224,0.2700447970116008,0.4549791490865782,0.6983032235351874,0.4079893359707849,0.5365227095862666
0.1654347663991047,0.2882119059814223,0.3495964957802604,0.903207145585706,0.0590740217459347,0.10911333224639286
0.1931255541008677,0.1237627252925764,0.2729140808504987,0.9275963693227544,0.0269299967019939,0.6237516203701271
0.2853215123316364,0.7243883773285622,0.2144096988945997,0.0597069772356515,0.27061084429215,0.6470279852587417
0.2219342953827959,0.0659014799480812,0.7185268842302264,0.0564400824452413,0.2638825841302084,0.8634025513049849
0.7229332367914874,0.0906713969384603,0.1706710114916197,0.0871818413018425,0.5532329157769112,0.7074325913540067
0.2591017602628409,0.1520528973820578,0.1035722416626675,0.0125801170546796,0.6639021130307828,0.5232338433889817
0.9553288549937397,0.1308062954769157,0.2671259498254058,0.0055304091730767,0.0623568362169618,0.11163633001148865
0.5370850515734645,0.6336034776680264,0.0851071008572292,0.2364803313565093,0.6336034776680264,0.546655002033106
0.6727461044079716,0.7388739226416678,0.2103719546514832,0.1645743129160978,0.9001545190917827,0.8716079546147897
0.5240126337316064,0.0745409829575057,0.4699979242962941,0.9046395661261102,0.8644177576485579,0.6034935623029974
0.0775943675762104,0.4461702257097528,0.111722389295462,0.1500826415574939,0.4421498610488009,0.7819749677936334
0.680919177440505,0.8955072083132469,0.0352619783146505,0.0190107913392769,0.191158348172055,0.02104978150075376
0.6952692004334484,0.1607098014163532,0.2206240108404848,0.0107646340315745,0.5208537104818951,0.05293546188514209
0.3348566361441026,0.8317377342886911,0.3892193095686008,0.2560624148996067,0.6653184153796188,0.2934772977138431
0.7930090593629356,0.5502913639857296,0.8795892362430806,0.4017556977874156,0.8691612452441606,0.124078663592875
0.1335928739928951,0.9288602872954344,0.5503325561390169,0.7708012406120532,0.0254122743351064,0.5416021782980387
0.0047453673188944,0.5836316417264782,0.6896764225266472,0.7221516037627806,0.0480326732514733,0.49401086007439776
0.0668356264771736,0.7899024416276524,0.6747663362963001,0.2202408494989772,0.4825189432887691,0.06574156131879161
0.624758707162985,0.1897373784777557,0.4253448297975057,0.7925552393672254,0.7950260178461301,0.9731757879680683
0.0114755126058133,0.7793857312499101,0.1517294153985446,0.536940864136462,0.5310693635343828,0.8427522383276396
0.082380910360631,0.6971239417633882,0.9262977692418344,0.4988521272133983,0.0448488270431718,0.6374491087957719
0.0414361539194449,0.8422464589577024,0.5905891353845958,0.4908472683970121,0.4928312044589346,0.12556672395405788
0.9803650492665434,0.2120131302359167,0.6612686678599045,0.4009877260952352,0.1734148522535944,0.9713770586643901
0.2651033483888712,0.0576514439459568,0.4894644586641334,0.1230255314157342,0.5136804126577672,0.02634279740514922
0.0854313136639349,0.2023095587707618,0.9117231451716892,0.4185495679681544,0.2492279095340906,0.6493274939715603
0.3354996913623497,0.2503260055640557,0.513162883046651,0.8554622336868276,0.7700224107270721,0.6528463732468122
0.5492316565555085,0.0969872922043441,0.4699652656367382,0.0969872922043441,0.5636598992472867,0.26664443208396704
0.213247829765214,0.0620507566348607,0.2535442679227464,0.6943822563200869,0.4040609819585677,0.35312467000161174
0.197967028386033,0.96222354929401,0.1131894136080879,0.9960969139769024,0.656987815050727,0.28757299313890583
0.210313024128627,0.5277971386050347,0.6647943402298764,0.0911087908766105,0.287157293662006,0.2789681633730341
0.0008270313661701,0.9029565530254584,0.5402928168476595,0.2165983540266792,0.252957754299668,0.7800109042540775
0.8069466493078674,0.6811002018856441,0.1993701773709525,0.1926466381179128,0.2691919565345507,0.6581565974593072
0.0928637984587958,0.8101750206420646,0.1933517521623411,0.8581818833400257,0.6896472898672803,0.2686910907286112
0.9547848274833594,0.8138934895914842,0.3685000202420905,0.1219193336641887,0.6404146494670406,0.39936967759409603
0.6392456051954982,0.9105327952606476,0.2229236710592199,0.2902966474046632,0.1954096821469657,0.2977474198420067
0.1994319801464256,0.1053074591145152,0.0458419225274044,0.899090962424421,0.6112263723561313,0.11733576046908856
0.3644047023209009,0.1192745010854245,0.8198282072635381,0.7060518043359332,0.4893092906042646,0.8754017696537028
0.0417283556835873,0.1469781258549313,0.3725970595834549,0.2151728785971995,0.7596305728983481,0.27921721608799754
0.528346294723359,0.453569284573991,0.9553017412540364,0.1070853874260535,0.7245812744107253,0.571012736205707
0.1905550534466248,0.1892914124281208,0.5365776672804544,0.4880005450439872,0.299449340338738,0.04213828387011753
0.5207196014272161,0.1321775740942627,0.0932357126964865,0.02906485201635,0.4260942923061281,0.2024356236629341
0.4145172542690387,0.9106657700598376,0.8949482960460959,0.2106570945820138,0.5695983336961159,0.9811920045489269
0.2279794583040177,0.1979973385707635,0.3834550464396916,0.4199133367201203,0.2626661785414922,0.015545425823801362
0.8304447664979081,0.7301819263101452,0.4475265589566037,0.7728042465261433,0.3777254494430576,0.8265326628254923
0.0436726952609367,0.3530834115642528,0.3040242582539837,0.8960096676244641,0.4513664494290872,0.30251547562652026
0.0063620078969428,0.3574989266038963,0.9877961977216112,0.9804369413550492,0.8979409609559326,0.13589038935966224
0.8058370864085824,0.9000613343728375,0.0922361026162046,0.4367165835649879,0.1357691180578697,0.956621493956366
0.3489595415508721,0.7912027635095406,0.1937311311174683,0.0369919125839357,0.1911597274469186,0.12397539538962432
0.5042165852771622,0.7473374705123346,0.1309491922550326,0.4242724951018757,0.9949454013989326,0.16833225235768356
0.4295466227075787,0.0440467980578149,0.3269779125884433,0.0207678213961787,0.6471399098182865,0.8241423027717653
0.1402410874286263,0.1120175869139898,0.4836781136704817,0.2169540023363003,0.0683549993640659,0.2652542585885529
0.6558932124928264,0.0369188266319671,0.3163925485524168,0.9192839965970484,0.2238595713518988,0.300490783652376
0.9983272587764804,0.4402146817282694,0.2698863029230959,0.8062530953326276,0.1143112469666023,0.6982855476316169
0.4315889986844466,0.8688406743343796,0.142819149257438,0.21558827258924,0.989163369020672,0.45288579871248924
0.2012507623415744,0.460123405007266,0.1306922477746411,0.2408168305170889,0.2228609369363429,0.8745463945495783
0.0335809579582602,0.4332286103775398,0.3992013295184773,0.179931993075564,0.8132080964458005,0.5140250169155041
0.3528651677805274,0.4587016926470911,0.6734614047228507,0.3616137174447876,0.5886683076686677,0.7458615646576093
0.2334119543498202,0.529985535812446,0.4622768183969079,0.3113818289434681,0.1404297468388903,0.3894353376286117
0.4388079482244419,0.5783933790907657,0.3214095961587929,0.190904061678062,0.348343563964541,0.7299074431470937
0.1592526205918794,0.9003092023211984,0.2236359942716024,0.2180261340203619,0.1459129505749369,0.09174281572467302
0.8545460975316066,0.2889972233962895,0.93252245213186,0.5187574320173345,0.9607687355067892,0.4992290229273222
0.0677872464544814,0.3272506251101575,0.0112366803837296,0.9745600471103782,0.4559579813053028,0.3027693238395095
0.9754003140522968,0.1912505011780838,0.1625740111163722,0.1041120746058252,0.3110990896666685,0.46280231652990866
0.2268167374355209,0.7176126257786428,0.2884543615074465,0.553702579338176,0.4907191632626911,0.011411223178610763
0.4054500624400924,0.0186810059963753,0.8370552457947048,0.7406029013743531,0.4413991822148254,0.20159047802641128
0.635741453136296,0.8326303600060145,0.758367226832086,0.2754950475930058,0.817361835429093,0.15593997373835367
0.4334922952793004,0.1502104646876019,0.0563304221522777,0.2654597883130171,0.1153870721625318,0.16292166909396855
0.2182111039170338,0.5621932550205762,0.4186604081625331,0.2660832058716529,0.7192727412817267,0.24499705436011876
0.0716673036761528,0.5872077694731367,0.6885056709143592,0.7639578156473316,0.1628331140557259,0.3294340572445129
0.0807600427555769,0.7653280881733693,0.1552482060709035,0.6538440460573196,0.4351097773875537,0.5274344466517393
0.52003978861979,0.0884497904210482,0.5527865394429358,0.206454058889433,0.2317780568022742,0.1671827960140333
0.5784667989359548,0.0239784801059986,0.0688837838909647,0.5349747567337831,0.0476466460268888,0.9662235874780439
0.8412095669652548,0.6740483969209732,0.5132028179629581,0.2404294569309022,0.1022040965834971,0.8693135555090016
0.0481902937048931,0.0912423765227997,0.1541933566242698,0.7766565755013907,0.0609459245426652,0.3842299778683286
0.7107395698995863,0.034127144132228,0.3495365982505428,0.6689908906949392,0.8930453008305388,0.617806900318066
0.522711176152174,0.1755946130914156,0.5260765329242815,0.1765054278471863,0.0090296086301597,0.39340642492159505
0.8884960008646238,0.5506011853847294,0.0614842658750495,0.4655046213870023,0.1464570572687185,0.4725669191233287
0.512243362558787,0.050265562925811,0.2668186450256938,0.0705102750262741,0.3682547355884972,0.7674055008106513
0.7781098583413787,0.9744786282503524,0.2509400071722941,0.6036367550742281,0.590699889032613,0.2546994594830564
0.6244749108093365,0.0211517710506183,0.0956612888299608,0.6654518679691618,0.4298350288290927,0.1269824296294687
0.0394327194177682,0.0618578858995914,0.9432689182717996,0.7672085324673901,0.1249083898279561,0.3565923498613429
0.5362639870399265,0.6036791233505503,0.9849271584754972,0.4020488344327039,0.5475164583574941,0.12095578128649376
0.1939989680604104,0.4776158031265921,0.1245812866349352,0.8710713428945902,0.134159132389962,0.16014567520655387
0.5030016418608368,0.2216085546525456,0.5807215345084463,0.2949749527164403,0.9536780367147716,0.4307313799204121
0.9987319816273764,0.2661610623062428,0.0144463684009524,0.3334028537580971,0.9674814453256836,0.24342014697790348
0.5331892390974645,0.5297462569898117,0.4253819746486897,0.997315196662546,0.1733499892203132,0.0371761512921045
0.2514726052252476,0.8186209034317915,0.1298738932230685,0.2120721034908961,0.3351451121410536,0.633952305304115
0.2996024877461262,0.0360144642077189,0.2935616173841789,0.9114085388945792,0.0055183908861553,0.8064525953235382
0.8426970545400319,0.0106599479935269,0.668123164348653,0.9057490201339397,0.0576352477506075,0.6910762099748132
0.0240654398192202,0.5386471792793255,0.1879452053055182,0.8340339823972334,0.7814553732480894,0.09600596679296136
0.0489719220884156,0.0364089453511287,0.0581125079335005,0.8743447154283378,0.3498696315557067,0.32383405050212277
0.1484356063116673,0.6443207564798101,0.7608131468076227,0.0472853275614513,0.1196397327317994,0.4964901364184604
0.2819863867282324,0.8190464703374464,0.6161029818347455,0.3737166979965266,0.7751646670242681,0.949783885967078
0.770387938346118,0.0197750995163442,0.1896258146761307,0.9295135841347848,0.8133878272735032,0.7416026688645452
0.3112960824561671,0.287184073658551,0.0956168837196291,0.1324952611494485,0.4481122244170554,0.11469298522325266
0.1486031618880241,0.1796484950890953,0.6617704341059973,0.8931085036000854,0.7881515923625202,0.2579482952721385
0.83154388202831,0.2194859817538941,0.0159461211961393,0.0045431977566161,0.8681370058483514,0.13217059406936338
0.807567263939163,0.0493150543194208,0.1583128636004904,0.0199690140948157,0.631454105717709,0.13894054081848484
0.9307605648615584,0.3572257036080029,0.328004052962289,0.436769215403694,0.6749689860470073,0.01589077433230157
0.869215055060886,0.5845580662344254,0.8235582897461529,0.1815893566307486,0.9624824083064436,0.1749262418484664
0.8214874200621219,0.9208948317071964,0.1344797979232775,0.5725473241221123,0.0173446861753698,0.990364553893352
0.6769440627948017,0.6508589884177035,0.9155375208614036,0.2640769169620988,0.3719263007693603,0.3764912175610611
0.4628406811787859,0.3761135073581848,0.2129847187397564,0.992175685367778,0.5977085435779742,0.9912665551290658
0.2233074076390309,0.2395478900898398,0.3156874771383732,0.8233384953492394,0.5231259366825396,0.6330917350666173
0.2417327496843815,0.9235946238018738,0.3410371240678502,0.6298373382324797,0.2885171470291934,0.53804365540045
0.0903391151375526,0.2627360712132949,0.1626908555573644,0.4513153848361455,0.6321417679279832,0.1174935423205743
0.0356500684582036,0.5320802619432857,0.1338175374459437,0.6211181021067668,0.9541410933536788,0.20585283633201545
0.9856439826365004,0.8833558419862355,0.0297060734284196,0.2351320472113736,0.5512425605441437,0.10480525246723682
0.2868568721817647,0.4272083350015786,0.1821378680813788,0.5512363675353823,0.1188358847866114,0.10056556373361303
0.4473058734792093,0.8661756292713115,0.2640295585154184,0.3171544523290142,0.5648889154563991,0.12141584351453438
0.7110303712889656,0.0445642752025167,0.3659195660406773,0.3611876073953631,0.0511921903062375,0.0044215246670461505
0.3591745711662224,0.6170895745594663,0.3582295723094598,0.1034945446224617,0.1601461301698644,0.5856676483474126
0.2780479972603082,0.1915043356215102,0.5585782042526724,0.4063991981638274,0.0912822407001513,0.19111821372589888
0.120811146741667,0.6783221489367993,0.3961025589005668,0.7029324514244656,0.3895447138686614,0.09709488730051175
0.1774310930059892,0.8891440931727977,0.0901624991761467,0.0483689148569431,0.1847641486398427,0.4948616120435556
0.8030521255749729,0.1510531677761555,0.4001509292660297,0.4389942355068394,0.6906983377941135,0.46849529436865867
0.7498670706401929,0.6361955525588995,0.1774048525736479,0.5609224224642996,0.308866955239568,0.4718677977740975
0.4772513676370874,0.3544141696486762,0.690494162125706,0.2191881226693179,0.290434414540591,0.2454259927283129
0.9669965952679868,0.6352861653484276,0.0849612433827701,0.1644089865517769,0.8607877285972811,0.461310831336913
0.909189104950728,0.8187245364772004,0.4852885172500985,0.0113432488472888,0.2894757664014274,0.8877244411171682
0.8122670198300487,0.0255581416333168,0.0013448309804785,0.7703938838750574,0.83055176643727,0.12274225659122662
0.9106169640406204,0.2105582751588351,0.0947142113909546,0.1793365412885593,0.180919392085771,0.7540484138131379
0.6292308300946381,0.7488861926608745,0.9019257269838752,0.2702032933279272,0.5610646317325172,0.7137456879279506
0.2542513105913245,0.4544619381254555,0.2982578717337067,0.0291022222414472,0.8160135830582821,0.285078960390416
0.2682206066625598,0.2740763144288183,0.1296569300008976,0.4850780804148251,0.0618856763762488,0.08173299002572532
0.2083007644707813,0.8042451585300354,0.0670011424904989,0.0338692687015182,0.4233742498052549,0.37092707531751656
0.8123741795064834,0.2523224520790225,0.1509414043645746,0.3685758474553644,0.2361831014724509,0.966560576384067
0.5259798248470594,0.2469350160180123,0.5326997049420769,0.3670691282330482,0.8188060556143203,0.6408939008736513
0.6746068718168242,0.802775619722075,0.939019632348998,0.8738710448732152,0.8615351651875323,0.3389335441622203
0.3166993763331397,0.2807104301223033,0.647257269974467,0.4382809688100167,0.9778208806350572,0.27958694129498374
0.5868343102979171,0.3278142867859773,0.7224378031764713,0.4819983009929471,0.2417550753884186,0.04952871818428739
0.3291851480994644,0.2875563600682818,0.7902839466288848,0.2185014987697993,0.2560288286549494,0.3679965141314291
0.2960130529516027,0.9056718016883268,0.7703416239955875,0.7768996088134229,0.1869039581026984,0.29601305295160274
0.0115014538260056,0.2364883474855529,0.7986842661378406,0.1341345790547055,0.5255440851986426,0.19493167604062345
0.3555331428145858,0.4400503329261201,0.2422366039002743,0.0007471218118654,0.2206314492690093,0.9143106088575559
0.1192186436724147,0.6331947343076285,0.1844550093962937,0.5107936467075243,0.2929682814344321,0.6090095478672264
0.2730428736617363,0.4059672757372083,0.7842233882728081,0.2889213395328438,0.0590813913554908,0.26973290450463283
0.1465398890598928,0.9017427865199016,0.0639444667739559,0.7209416645141287,0.1390864605494791,0.4104002193750774
0.7434397230963969,0.0392771572112724,0.413402605706117,0.7010017644616136,0.3617244903615193,0.24714893897800838
0.7076502762948549,0.7646450552472689,0.5468491169810319,0.4658019357225584,0.7569386649359949,0.018511033032568847
0.3443238112474619,0.653395971344704,0.0481818074592199,0.8866439786320943,0.2596652005309083,0.12244443158488538
0.9934051761950452,0.0165367069504746,0.655862330994941,0.1925017650810989,0.2287353433310212,0.11076927729064523
0.0685618181022834,0.7528388837781389,0.0800484301518235,0.0844014741071481,0.1457679732401324,0.0129419233590361
0.432911282785707,0.0835246061419516,0.6593124150703384,0.9324547130551613,0.2188008372769738,0.6256088672640366
0.1764822900456616,0.4988184151158232,0.2404671974261483,0.1725552275803438,0.0938942179919891,0.7807427867340205
0.2219912330257502,0.4905273157515645,0.205310694246127,0.865243526111657,0.6358346146789898,0.5574152767088645
0.6015637922925409,0.3219900503095085,0.7353778827811243,0.0243251500702726,0.9613867840218248,0.19359101942141488
0.4983047454715513,0.4444783682116962,0.6700633474560831,0.6843420095284559,0.1733359292620839,0.7620053027711747
0.2262930546731885,0.0020448205576657,0.5811168674528521,0.5787035794575711,0.0418705982137694,0.4003353460788692
0.8257588757501924,0.1493870182316934,0.6974915199849413,0.4330992509734414,0.0541422433357917,0.09767047509093163
0.9778710554503156,0.5917883287231235,0.6254666358005521,0.4984286910954562,0.9363965628961674,0.9043324294553666
0.8678032801558839,0.4999947160627446,0.6771441117175692,0.688027415079359,0.1667528901654328,0.6679467204516214
0.6867185126619618,0.5634128524201396,0.2650255534182197,0.6605042262113379,0.975161286800246,0.4777582928572227
0.5193640302907289,0.3370382345419596,0.4093081072788227,0.1483972952258764,0.1849524812637607,0.8044194514930367
0.0943713212734039,0.2105738046587798,0.6406675881696605,0.1543898716927769,0.1951097393583764,0.38550259365575035
0.0930753700377663,0.8196578043095922,0.2840463100221623,0.1422138858398909,0.7892166839432505,0.1768804314222332
0.1517195726786961,0.61873520452937,0.3843911584706884,0.4895249399776458,0.1861612051966024,0.2173430613112749
0.2640276677527964,0.0170782507153512,0.7943996907270214,0.5903962617850019,0.0875442147322329,0.23928163057618634
0.1173022929807486,0.6621419903968937,0.1431706462914518,0.755863694071048,0.4034799994187114,0.029017277916586925
0.6763556469592175,0.8815591933441682,0.1869088204380392,0.2543865608741718,0.1586875636216673,0.13490410516060913
0.5951396485552072,0.0572841354620095,0.0543947953878986,0.1864083933194544,0.9949165773489316,0.7833951290490148
0.7767082941721047,0.8528299027857407,0.9479185088067836,0.1317384760091968,0.1426958482970731,0.01547482758404628
0.2408262095715539,0.0922481801108441,0.7422056761180028,0.0302945603209497,0.673477719025564,0.1623168687884401
0.0262385750001483,0.0714037802824313,0.29755656880214,0.24719019306675,0.197703501766753,0.9854507389385962
0.4736592000121569,0.9629472381436858,0.7894729595941591,0.6189511656054161,0.7371360275207791,0.39715730975959396
0.9452599615070004,0.0777145703323864,0.8523428053929378,0.6476694831563043,0.3183546674043341,0.9438548202159484
0.138119401302608,0.3976116139623421,0.3974356443254013,0.0801353095996444,0.9261974201132134,0.0941034942811072
0.0785005588552535,0.0990297607111022,0.8661952488400956,0.3582413197219414,0.5618070336263687,0.5862966382929922
0.1391772695412113,0.0362517473985165,0.3737914767691281,0.1959005961646708,0.1274334480325931,0.9080554357707452
0.2593829466090008,0.5874982018377749,0.2894694536825013,0.1452959191364277,0.6988516576424785,0.330318501407349
0.3722226187537529,0.1370480867970729,0.0854299970372755,0.2379697131076332,0.0101581258914359,0.19912533355465523
0.527652116368053,0.0723478996327613,0.01579221704372,0.6322411148898006,0.52403421456111,0.037015671458813126
0.1861969219444073,0.8026631866396438,0.4407507688221238,0.4937019664909913,0.0602801412638138,0.5081500254353193
0.3332912885339442,0.6533302941267293,0.0394412397836144,0.0861308016699016,0.6808858260302613,0.8992657471445489
0.090080576428963,0.2478499049391649,0.8432499320741255,0.5360596932243463,0.4650326105688167,0.04951033907068436
0.1541353353588704,0.6931165809547744,0.1914498662798703,0.921891883457242,0.1946212948847753,0.2140092366330324
0.5467841014396587,0.3561094449560789,0.3406805091753609,0.3095197027982249,0.1509360489899517,0.9113567679358819
0.6911582821599966,0.0190786992888721,0.2694159612979907,0.2496828173729528,0.4780100175075794,0.8820411720637529
0.1419818626696822,0.3254893221020448,0.1549296411705402,0.3614614469209269,0.2886930560588231,0.23427205585876987
0.2425761627921637,0.2738105957740728,0.7398584569524893,0.4468958462308212,0.8464460857594953,0.26398642571102804
0.0391838766182384,0.2152338135619292,0.6208052644700143,0.8145944227749161,0.1012295199461558,0.0034469120256720442
0.5597334139578002,0.2789282654990159,0.3731409001916453,0.4124167702939748,0.7933268568504349,0.21809095702422043
0.1668259479085029,0.0922460445587971,0.0261480189473959,0.89334454044354,0.9704836705379464,0.24846727787112677
0.157314146256184,0.166362043457195,0.3215141584678234,0.849754903153602,0.0230190293804791,0.9332216462383683
0.795156818610058,0.6346194611580253,0.017829689502225,0.5048280467692654,0.2084923521979635,0.44836538463718156
0.5938653787390659,0.6419987372295743,0.9820534629148402,0.964988924110914,0.8648950486459138,0.6705099563409277
0.6983725176339314,0.5376408183226529,0.8601342569330821,0.483110442500322,0.8518954745117604,0.8880708137307209
0.0179299606974012,0.6924115462319953,0.6399377998375091,0.174012149226249,0.6716256146785586,0.09600718660901475
0.8621735118722982,0.9244078373831308,0.2830435373436211,0.1693925074934504,0.6181764295571958,0.6398351191467756
0.5318714713654674,0.5235642565077285,0.0769168848009609,0.8536615778079777,0.4385342394527535,0.2836606247171708
0.4144211758656134,0.5630044284506496,0.2840879912777286,0.8113777242294691,0.131994288206123,0.008694680183286563
0.2034993912414063,0.3883042197906708,0.7967935124345767,0.0839799158916654,0.5632041370607165,0.6424703018423079
0.8676272096151737,0.1790176045020951,0.0173675980600439,0.1707677524275943,0.4797524739432913,0.9173179571107254
0.0415736637711442,0.6062729715337452,0.113230595265065,0.4731250173061258,0.1910844351069935,0.44430319339059876
0.742523808685841,0.8508745992860913,0.0739273598244631,0.1521633971969613,0.0130278005303111,0.5550034178848587
0.3338167702493954,0.1222227512790661,0.6956218674581801,0.829560343127254,0.898829695115346,0.21081038305897803
0.5815226171349913,0.326008415184514,0.687906185857813,0.2076556229495118,0.3387930351355058,0.6615072824537808
0.8721403268249014,0.9929653228937744,0.1367440830871432,0.4501561259730904,0.211530375313991,0.8712094927554995
0.578584617296795,0.0846332498629232,0.7033718876626153,0.8460964474520063,0.1420515998202459,0.2543288320856655
0.9240964515269938,0.5252024819683858,0.1678148134506367,0.1797942976929744,0.4015626602246289,0.250124580488577
0.5797757417171948,0.1437000797773152,0.0767615342182332,0.5142775788473786,0.2010331487116715,0.8103063015011999
0.1964324773486361,0.0763460070243527,0.5213277185277564,0.972048582362858,0.2688261176563528,0.9091510389340096
0.5699716405831917,0.62972820308115,0.8674980607231422,0.5724793356913719,0.8360469588466882,0.5525319003004242
0.3466473546031792,0.936268229347176,0.2385334409832147,0.3952169132050694,0.9647564255152878,0.377252057755898
0.0779455189406352,0.4069219941293579,0.9379206493624188,0.6515623557216405,0.1383247328272182,0.0071184101740072725
0.0344324483200771,0.1550422335757335,0.186880703471756,0.9321793416097583,0.6741731453807217,0.06357805579756304
0.2098607644287403,0.4121785963826925,0.4924410336777245,0.0676189995594237,0.4742972228426088,0.05797825726119943
0.8013599458392521,0.6999027963238207,0.7556187006826696,0.8326736624887368,0.5635968001111936,0.2581264698918587
0.0591445840278435,0.253332061893757,0.6335000188701236,0.9337184350971542,0.6644650912356895,0.6067064394533674
0.4547383111265139,0.0787431251511026,0.2569512995828966,0.0524652265144666,0.6227368194070514,0.7171024958494353
0.0069140887171452,0.0715964932871223,0.1574765085100391,0.4640848258745159,0.2082984445896564,0.08055159136692958
0.044729409960507,0.5123840577355491,0.8602923904629781,0.6482861798065827,0.8187146938494458,0.06668930583924704
0.0532978793370518,0.8560158906919525,0.6888938335046103,0.2857631729347381,0.2402881726079346,0.7482954659716308
0.1987935403417112,0.4548887397367629,0.07339548199727,0.9162098241254744,0.054532054503544,0.9810582952709452
0.1765764464791868,0.7032563551340665,0.4981111278947434,0.7449092660584014,0.809788027042058,0.055427269555105685
0.740719994798078,0.5719879818211981,0.5073414165642395,0.1462199590943897,0.114659439434215,0.5063037846248886
0.7610644041086478,0.120390079685797,0.891161765016573,0.2835969464361684,0.0026708164233596,0.3148037954610333
0.9625488183654266,0.2785156154434093,0.0737695121911394,0.5273461080357649,0.6985302001573511,0.4578519717620291
0.2118167509057155,0.0974970037551883,0.1627662282033152,0.6940469090095839,0.2358723114967222,0.1573250026995423
0.1941248782614372,0.5653749659661655,0.7082881864369007,0.2961372811850845,0.5055974465768335,0.29613728118508453
0.6618565078713281,0.8306073986792473,0.0024315532859151,0.3262066899178421,0.3706864062034287,0.07833739391421435
0.2188026244880804,0.1131350307552998,0.4777612177343542,0.3881265849940704,0.2516862893452456,0.709115576879552
0.9628951510690332,0.2960198049175381,0.7155945304990028,0.0250374105171495,0.1269681741768469,0.3996493193906786
0.058679152199846,0.634334926977056,0.784194452876412,0.0173866728260659,0.1980629518698966,0.016228051241393038
0.1979283891600196,0.2439183306618152,0.0621481418365473,0.966404218892332,0.3741489400130097,0.6870410215858768
0.9632047952799524,0.2383364959182148,0.3784513997243814,0.5021731479433384,0.6836587131391189,0.952091954718244
0.6783012919123502,0.516634671013838,0.1968201131267399,0.1208374118804705,0.2526605817970371,0.0516685698714513
0.421974791810099,0.7730363342619448,0.8320890060138423,0.1385841186401066,0.0839286907977752,0.6590343238113251
0.027889727413634,0.0549132146850873,0.1803840528774734,0.7520943099526773,0.5594980173981149,0.18095423607702998
0.6567332189457463,0.1895567022073337,0.7184379874607215,0.2966857492927419,0.5498446895809015,0.10285461650639394
0.7153961690546434,0.5438654072194237,0.1669765323936067,0.3588828699277681,0.2413656561205676,0.23605007017517843
0.5182537822438972,0.5378333838253969,0.0227666733423079,0.6481065070921873,0.2390008942738508,0.5017983978727852
0.1838760173424044,0.0828430049456284,0.09998134815869,0.199805157895924,0.2005195721202154,0.05400023796770548
0.3243256103859091,0.1171119585449065,0.2752886512575826,0.0243870779720789,0.7070241763641582,0.8634176373022892
0.2850925523238814,0.1808935113035612,0.2657489748736565,0.1935109404219828,0.070105922429715,0.14258790224132267
0.9730193257986968,0.2784429299599371,0.1862998342923916,0.7281703855467226,0.3812714805304762,0.3730524826599899
0.903085943811694,0.6816393847331941,0.5181572070661128,0.5881114508934938,0.2502930561514677,0.6709340270153757
0.0634885312498003,0.6508158565654175,0.1934476300616298,0.1793591671422553,0.231587574374375,0.20173296606067492
0.2024239331289652,0.185890576040678,0.5087396892982646,0.1020111068514164,0.4491965897303593,0.1385898272894771
0.286981146788085,0.7621482675476325,0.2598833201247835,0.1747363128274074,0.8691641891974915,0.22210731024110808
0.0591301359141435,0.4875257380299177,0.0594769315165082,0.1321206158666367,0.3276278093900728,0.8171180541239609
0.9159110398125974,0.6971649234503697,0.7632360120278134,0.8417322277160396,0.9242222675715774,0.24005504712023706
0.0641387899053087,0.0811135644770473,0.0170652608468155,0.9428555332823022,0.1829247037123038,0.24069090428620343
0.5536890367202009,0.364263278050311,0.2910093946771992,0.260397710515211,0.0092440274862347,0.940543822038624
0.396514771119675,0.1563903354283782,0.2797702420140885,0.4852591373960178,0.4053183727407836,0.9119633916990564
0.0528568739318018,0.8335069767500242,0.1412775201437801,0.3148519112348417,0.8599230910402689,0.13864020493761997
0.1608277662239292,0.6994270073332034,0.6551514730725795,0.7951785202663475,0.0815209183281225,0.6496453329603195
0.1256408712911899,0.4699616353431681,0.9081218810789932,0.6698119643939061,0.0360589727905391,0.46136125269843853
0.1400323217326105,0.8514358800634212,0.913384972821798,0.5862733321486044,0.5643004867883786,0.22947578507434285
0.63607798361365,0.0306183321224595,0.2072285819358219,0.4130021784984102,0.5083018794556196,0.6189293092638943
0.6293420207879793,0.0462479621952615,0.2206922734095169,0.1884178169091346,0.3712023809767867,0.2001307856728597
0.0713098079611389,0.2198495308366642,0.1687278170170354,0.379274543526062,0.2091939454611262,0.8597666212327933
0.2227661189999761,0.9235376032794882,0.2581761411523585,0.2641561884560003,0.6481475977478202,0.05459177660427339
0.2837993711161667,0.3189815398451141,0.9029636403630776,0.2358382153310592,0.0889345181023559,0.800877830933923
0.6472542251083498,0.8084200756952725,0.1069015132911896,0.111603266975619,0.111603266975619,0.5693787574742794
0.3267319983815339,0.1853972408974064,0.3418062535036312,0.1303160513388153,0.0238252261787559,0.9625643178969248
0.1412956339749205,0.7054179369660022,0.7859462192178621,0.2130686391257424,0.804922401149203,0.8393435638216467
0.7404464491130794,0.0171731994456098,0.7092026740517058,0.6964852625329262,0.2963010379559635,0.9481885726945619
0.1597002095753156,0.8841457740139588,0.9812003311123842,0.7711514732847359,0.9082054625777052,0.04453995085025919
0.1950423305213454,0.5154532082876838,0.8589523997622511,0.7685017791117185,0.0162020488250691,0.06255007766378062
0.8973238825287992,0.2256257089868754,0.0227911251496674,0.3172226289796295,0.3037122465322972,0.4321009477275273
0.754096977816599,0.2338606451235183,0.1726772198993185,0.432545321014973,0.4699891426697493,0.17214017608686283
0.2099568696051474,0.1173858643845183,0.2217205167267185,0.2167982425908015,0.3213967980690887,0.3963282285294303
0.8240458555443241,0.6558079461736049,0.8914817413033017,0.7831996546942657,0.2022078349540654,0.3524635431706332
0.2500980356645115,0.4801770120275718,0.602534795543445,0.2284548679341028,0.3908253303134489,0.17575966155264355
0.183442676302088,0.9242286588926418,0.098321404759807,0.4502944738390599,0.705685898035562,0.7836322817858128
0.0930113299224929,0.7335077321663163,0.2953203267027526,0.207723421489742,0.5046039754298062,0.946781724567776
0.5270672933470245,0.3918159639135666,0.6456423544344436,0.1174337233635289,0.431141929697286,0.11270607505367658
0.9269593067715384,0.1704246713022578,0.6560461301207163,0.7988615580842846,0.5528422595819658,0.4336799707196989
0.1609316400467655,0.7904722264432916,0.661031976922852,0.0847152875544529,0.073906037530114,0.3774785147841758
0.556275229245223,0.2750196165133969,0.3033231171499393,0.5527898894100969,0.4425628146844275,0.2750196165133969
0.7611090069658459,0.0451019524225313,0.2037001844825484,0.827124331424102,0.6527755357221128,0.6458019053841153
0.7103070353176116,0.439462963298776,0.0520570489473398,0.6993745650224921,0.1794175445491703,0.8252198217517771
0.9127952725688984,0.176113797876467,0.4075697130592507,0.2558394227749168,0.7458807354990293,0.38116151309039215
0.0819522933548335,0.8757401681392417,0.2557489155633869,0.220403618394539,0.9214942426950846,0.8443491506248488
0.0833765088154552,0.5532576084400793,0.1694850537410983,0.2558491052101896,0.0982761042332492,0.8410066579032401
0.4301531154864377,0.1899189246406166,0.1837249585060141,0.3005948036862902,0.4638535663044113,0.284026765100999
0.6292877649772574,0.2661768007279538,0.3486218340215259,0.1084449098892312,0.2575451416141937,0.06238947957377594
0.8403874454314862,0.6651683545821934,0.110475236511947,0.0461463532607614,0.1723225233650358,0.6823185918744643
0.5932932232429293,0.1036123401055493,0.0023413602319648,0.516382573158459,0.5590228089834347,0.16130080483865594
0.2737570057532842,0.2235770665170707,0.1457005036985932,0.2060931548439442,0.2051929095566601,0.3151838711732865
0.0388935551437545,0.9972170475651054,0.2690661434541707,0.0189640526093024,0.2748841335030333,0.48885606163927875
0.1158847287266645,0.51161833584842,0.13488900228679,0.1152026587942981,0.5717807829581563,0.4260953025829206
0.7294080950434474,0.965560266280439,0.1894423800017974,0.7427025917096897,0.0307241545254526,0.12373671643510475
0.7279035549990898,0.0737487427337945,0.0777440065729194,0.1158706140087751,0.6463579725204321,0.6673540948161629
0.1674128926612252,0.2916170364797564,0.5663700420904548,0.2938817006834018,0.0485489140897986,0.5091204792714982
0.0187030451631392,0.3954586867598846,0.7533760173350516,0.4704399433067109,0.7234474223012423,0.4604257486439708
0.8801089492709435,0.7643713853355626,0.2200167512870497,0.7183533578309313,0.0964982138863983,0.5028324608389761
0.6395829958015613,0.6407280381792365,0.4325159411535728,0.4123027746823684,0.4036848334369751,0.34218423639855167
0.1237996980034193,0.1889787173152439,0.9294134717075224,0.2575746631849386,0.3847098484335366,0.26541324040836733
0.2038013986873462,0.2729473276738116,0.6735432176510243,0.1464897998475725,0.1670449825575244,0.4090300236690685
0.2100425921901274,0.1401789076837969,0.0948544009505607,0.2494025494337272,0.1039782322476542,0.962617783595937
0.3621368021959362,0.8542354394058255,0.5620067882275657,0.7776513543052769,0.5386730552162597,0.5844591278705038
0.2152095865944275,0.1770198986188753,0.389114233783671,0.1847911690058125,0.8889483613436895,0.6142115537490991
0.0512646574851974,0.5035990135488286,0.2027172640642648,0.6597336642828144,0.8280938569962533,0.6224805820243632
0.2624027088909155,0.6719670730455608,0.1551762723820202,0.2607348655214327,0.3875127888888708,0.3736436000693023
0.4778536889800239,0.1741079818803443,0.3613931538157167,0.225976976582384,0.1064243890189735,0.36889556423526093
0.4017400678726468,0.1642276733947193,0.8153082963676493,0.0653911221780092,0.2547070580515662,0.0112811984934994
0.1702070362740331,0.0159521874811323,0.3847618937584561,0.1459892946415771,0.0469661592478839,0.19980079434041753
0.3401818820280062,0.0828541734856773,0.03701700621334,0.9720110827169168,0.8432616128956435,0.29028878099323374
0.2270380996701424,0.1189001996606351,0.0072460238111207,0.187556963045418,0.1223252922827551,0.36384016971470423
0.2057583535441618,0.9446221062178684,0.0075435561122385,0.6904551715417292,0.7756371445998088,0.2994140639260845
0.5261843631602131,0.254129430260246,0.5958380755619431,0.6661212459436646,0.8373420031466654,0.6152685521292263
0.7790496520122181,0.103980988949019,0.405391884544598,0.1629181162152206,0.1667870801378119,0.2696788140709586
0.5065287222463402,0.7812902490189854,0.4775011810674826,0.2244405230443066,0.440742258109414,0.1453332867266851
0.2875093631666293,0.5688308712547775,0.3858807406271493,0.1192984124498758,0.603398643399928,0.745057321287012
0.2524145062721458,0.6338394568025171,0.3541930288103379,0.4374376751284459,0.662785954806944,0.45065371291603606
0.0877840989588586,0.939251628712736,0.5977556862712643,0.0186655489149437,0.263772249180177,0.011142202894724562
0.1772164334145489,0.44681385423044,0.2580815038001131,0.1166107313822976,0.0361014418628951,0.7986248445062022
0.3944864767641231,0.9273982139079596,0.0469047374366878,0.188557457044923,0.1009005718799597,0.14147146492953444
0.3038383080051112,0.6579398979643045,0.1527386075354522,0.476791021857501,0.1184352982385921,0.1228749585045511
0.1318306058085064,0.4017963098678504,0.9759549391758068,0.1007974679689235,0.6110828465298165,0.14174166264781574
0.1004585543506051,0.826973339228931,0.3506690642082576,0.473204463586881,0.3417114815703805,0.10318149564732293
0.0580364784792245,0.6727690254310729,0.0062187529378558,0.004256642600703,0.361590150297446,0.9072256647786255
0.0719062397540808,0.62743258952328,0.1377644812724192,0.085776862650971,0.0879239083629994,0.8119157405194075
0.5057282003777726,0.9484519190317168,0.6800769349392632,0.1030466516773201,0.2775548943012652,0.30449780984155383
0.8617283798211184,0.4185575483742334,0.5178194970039139,0.1925274377571209,0.0606174759455866,0.7117142399301318
0.1238795451021467,0.0483368405071108,0.0255894077589744,0.4720250220900209,0.3799752429166415,0.6653969621285558
0.5271763116276198,0.4800832590740846,0.6014933236077293,0.6399828202139292,0.1771151724502818,0.06183575367661276
0.1837594055843124,0.6817924123542278,0.6684654457514487,0.5848001595410293,0.0402562393770122,0.431521868014455
0.2594777239124797,0.3528032645112969,0.9360257240979664,0.0514120151738798,0.8349233669791325,0.8208793978035778
0.7059429966797859,0.6381406238433525,0.633651380829177,0.107229138204416,0.1245834860193674,0.985866284741091
0.580873914495618,0.0634691442607803,0.4707483891144133,0.6831577796864011,0.7799445431365101,0.18774830753579763
0.3557850965537923,0.9482237978896187,0.2503454043951306,0.9838784626961206,0.7125416654396638,0.015604598397761293
0.3212629340891255,0.0612407264504424,0.9800229707413042,0.364989819007765,0.7522319909134156,0.16231394514329356
0.6373059659797671,0.2675471356984528,0.2844472210623344,0.3769425333026726,0.056672670222665,0.6533726189002668
0.2073024894470242,0.1662231557610974,0.5297827561173555,0.0479510174454779,0.0492576300870989,0.8451168562694963
0.87399339970534,0.6626838310069588,0.2535667539064461,0.8874221209806781,0.4071620009800464,0.06103221676726045
0.0343366898539071,0.1076644727557062,0.0245126504339675,0.6882758576845985,0.0945584887968469,0.6846383054620125
0.2231980246765187,0.6428116577917272,0.9513168656241408,0.6518406477750331,0.1151714903951857,0.055182109969137416
0.6791114684713212,0.062430882196661,0.9920710739979977,0.6276963185920914,0.5733077148740132,0.09023020464860099
0.5726849243285932,0.01231483630643,0.4214794462712449,0.2341955511483142,0.9308066697418436,0.32095616478004463
0.6903877332995607,0.5575795529360679,0.7511922304359225,0.215193591679091,0.0084010983680947,0.008088785253716146
0.1577031372309641,0.6067782909776207,0.967560823447054,0.9061593572855272,0.953603568891488,0.2602493802642506
0.7705550240110488,0.7841311357810824,0.6939849321744153,0.7896185119397557,0.2640009758273,0.8744864622014409
0.5383277335487269,0.8974925705630388,0.6932717803849209,0.5926756329772026,0.8796973285813977,0.22582850347383365
0.6157159011809883,0.0950895897865409,0.3228428799409006,0.6965060366202221,0.34234625801005,0.8267271732855014
0.7979875028064874,0.1800440567488954,0.0557620479252973,0.7665478764756547,0.0552700578526691,0.7214891163760957
0.0005114285633863,0.3810442254476668,0.6782523658503602,0.3721341793501701,0.3550588243180742,0.009929579198711846
0.2302621478463656,0.3951703092905358,0.1763202956580708,0.7697576893552907,0.3366360387352956,0.25122532304318745
0.951624154196958,0.688410618631675,0.246592469809338,0.4960861553711285,0.8765181289458511,0.2847036821617003
0.8136335311095938,0.520892294272445,0.1298231148408209,0.9325638192810672,0.0914283745831981,0.46632446664971594
0.1894151287497425,0.2620215381788576,0.2531828792154245,0.0093876283218734,0.3718534565312024,0.16395160548359045
0.311509780149472,0.1983436833193237,0.8266519959292109,0.0634938621745444,0.2616191591749636,0.29359429005300397
0.6822251948161723,0.6256887447519839,0.1363550091269852,0.5525788566844806,0.4111322619835347,0.11931644910049244
0.5250003568809349,0.972457083885983,0.7647062015259869,0.1334890819926651,0.0949278689329972,0.6317525559962859
0.2864149748727106,0.7548642608834639,0.8217070144329899,0.5332762788114717,0.9154112908536391,0.12201864824687991
0.3342327716458962,0.8183679669644972,0.3923621470343256,0.3378296364360351,0.5694313416111937,0.6528087169137838
0.0757481696870493,0.2093771818248935,0.2571518975157113,0.1359438126966095,0.2578637359786262,0.8398542761773391
0.3004783024915549,0.2198170866509077,0.2107319072375405,0.6917068396120873,0.1042927172228702,0.7573391009323986
0.0574541677437878,0.3780608349844738,0.1567905074440527,0.7790491605766586,0.9427139128123831,0.5213433500185106
0.8639653537934258,0.4268388393300339,0.0533337298995217,0.0020355793441269,0.2504234268012324,0.7849168887203565
0.8320481646090655,0.0720990928632668,0.1947783041399187,0.4090908319168599,0.1073330946987601,0.7297565509739476
0.9495319685364092,0.0204053418972905,0.2128078498281979,0.262553178676945,0.2265453203438213,0.11945887204711603
0.0382129625485808,0.5064739385727963,0.504942069556591,0.1910377570079059,0.964445222642613,0.25621465091716267
0.5067402230563772,0.1144552484985347,0.1900996841743647,0.0461136277773128,0.8229431340696886,0.8658339201620069
0.687189570878097,0.0337332575746546,0.2779844126133116,0.6355242634325322,0.6788165049673931,0.058282987345791626
0.7399771112336163,0.743190079285488,0.0224963680830806,0.291153940552428,0.3044653271243964,0.1112964506002565
0.7263847817312593,0.7511936275040447,0.6799815833577765,0.7520636908140804,0.7538479394710914,0.06742177980755082
0.2614665065274685,0.0264894290740667,0.1955154545740818,0.6068187064926491,0.7705264561556399,0.3596908605775898
0.7279018914930581,0.9970729584500874,0.9249564809993176,0.1719799296079065,0.0908022418997703,0.7483261790032276
0.3206543039534872,0.4510687942633031,0.1720050431649192,0.1160844179704583,0.153150612183929,0.7718892559612738
0.0844325185592347,0.2357232560438519,0.3086633312113988,0.2551713241385015,0.8500741849142203,0.15822375065248606
0.4327912632945488,0.6923462877648694,0.2429694288339688,0.0163205281044525,0.4601679076258912,0.20271507653034415
0.2989130890349498,0.2294557865640554,0.1831075681038761,0.6263831694099233,0.9676813673107107,0.219493760472945
0.5500784516221243,0.3520181447088747,0.2239506598124977,0.991303272918517,0.1503676789505721,0.4990964901152245
0.2758853178513764,0.1485820392262904,0.5256045608214622,0.1997073297510792,0.1081247598746631,0.34539369469386916
0.0728563984710103,0.8903971935811696,0.368126715509191,0.5393525775032275,0.591649199170204,0.388624041137295
0.2879669712108501,0.1120476298139843,0.3034383302059998,0.1355928084941022,0.1485583999391422,0.23426782938774016
0.1322076459080474,0.0903030192324189,0.7859415288671274,0.5143310320966473,0.0703901489639767,0.8014110395070403
0.1547097727218064,0.414398519472082,0.811574401750669,0.3161914182525447,0.6849564949530458,0.6849564949530458
0.1032832648868439,0.2548053869621992,0.2804416487257423,0.2305249217631207,0.4548038063283374,0.829045024101713
0.2785817824718002,0.0848941683272721,0.8262908049318064,0.6440298740515282,0.0951951647485362,0.851491800376345
0.2463680291444392,0.6089849753363538,0.4150510807026275,0.9804083540767436,0.0164083505188796,0.8454086198286919
0.0450048412238581,0.1121825958932261,0.2462773222602068,0.073548087766325,0.469837814847533,0.34325026845412654
0.4838851746588984,0.9064137283103584,0.8695464169440837,0.6275510211353884,0.5373066041133849,0.6431960285675297
0.8960176186669527,0.3176031544993772,0.6781132871357433,0.6074835606184844,0.5919930167997204,0.2764635105975408
0.6274192322166297,0.2978054134443632,0.6046986930213111,0.2845381984828063,0.9692594576939416,0.007283840940575104
0.565117871440086,0.1588912323890497,0.0357053584413488,0.2746619275196792,0.0012082973577538,0.16451389845422326
0.4002842712439429,0.606465960608174,0.5792784460468853,0.1717201867735963,0.1932768857339482,0.12710260457317646
0.2380232248724302,0.8014092473432425,0.0694944724530313,0.4147240975657956,0.6884507930531055,0.23802322487243022
0.1572508913216673,0.7891136633038204,0.0638159023614841,0.658823042435389,0.4982949661043708,0.8898854364355075
0.1780631254135568,0.0256012466698426,0.6846482911265808,0.1248728136110183,0.1424734399629392,0.20192046877985415
0.2140845565065215,0.2349386653812684,0.0784154438090095,0.2722388495712446,0.3740510682518724,0.6195237745668246
0.335686909326235,0.4419909811893194,0.2627028428655934,0.4980173033614786,0.7869459637110434,0.24164383987415972
0.1716725126801234,0.5529770368669072,0.2552187965638199,0.3928073635447195,0.3129936943980885,0.5154299579767284
0.5434557852610943,0.6876264991444933,0.1806257375274121,0.6996231823995839,0.7691984869038103,0.09852171221960893
0.1750568045460782,0.0637127893040451,0.045336064018294,0.4493272471786416,0.076563672322,0.9626695860129111
0.5038214820676025,0.1765002365660635,0.7701358974148618,0.8510045654099431,0.065389892002674,0.48974009507715854
0.0815576809310928,0.8651869864236983,0.8068719729517699,0.6756543045765673,0.8514671088338097,0.013378527503131621
0.968455716531732,0.0317307089531699,0.3457035278710185,0.2298986286504708,0.6848263396241285,0.2275986116442471
0.5433714793439101,0.4501195775958816,0.4133061877379949,0.3912408670169119,0.7551938577869268,0.21334841849502972
0.0385938307888823,0.3627582888338674,0.2994659458517691,0.0340274146531072,0.138301851884536,0.08080474024968065
0.7367109576935199,0.0391766517590143,0.2572183146858215,0.0015788348676312,0.7337670291486039,0.02434189931328412
0.7964888671311956,0.1753881612941995,0.5014026096785987,0.2035122173178825,0.0760229544797005,0.26689764902795954
0.9017665929884764,0.5626422017095046,0.2840549269839826,0.5233962821481807,0.8911667507547351,0.22888150239267724
0.7733640180065818,0.1243557136687319,0.2411673501868334,0.810005098774434,0.4025222082541764,0.6570497044773482
0.833498190521601,0.6932066833994457,0.0281896796161807,0.2508935145180154,0.268647933210442,0.3974678189297981
0.9985559878411868,0.445442416515372,0.1167996211524956,0.6638491479903886,0.2931600470428696,0.17730723765113188
0.5992840666329511,0.3077684163514811,0.3963961040596396,0.591312352027302,0.7743919627666992,0.1140316085498414
0.776317278846198,0.7958242277464525,0.2299406237367499,0.0641418175985323,0.948560053962359,0.40638329622640146
0.0990989229876,0.5705992201001481,0.841096731968335,0.7101822572040319,0.5082254272797581,0.46883781787114165
0.7905923279868912,0.2392604983871652,0.9757774526918898,0.5383050328324451,0.842393077084423,0.006491457713405646
0.0468697485133973,0.1843231781491409,0.4121887972666764,0.1328686753833193,0.349456031889635,0.04661560181831992
0.9385506542860252,0.935746506966054,0.6003761829513763,0.1568181231890186,0.1188774806569112,0.641751881993405
0.235557314223697,0.722918679590525,0.5167621787420218,0.1713784695457004,0.5557096853413158,0.0288384377345009
0.4944235083258596,0.839563892441147,0.2983379890019139,0.1768252195902765,0.2615943555494002,0.6016010849644851
0.2157074029838656,0.3666625830757243,0.0206974635322342,0.2404430076542768,0.8376956598428238,0.07229239034311452
0.905208626573406,0.06560027074326,0.1955998452523301,0.1857298491305684,0.4956891871087977,0.29422353053177663
0.1853160817135024,0.0930824637581738,0.5865941315192053,0.2916827761543946,0.244662434824557,0.19183379749972573
0.0177486679881977,0.535233976381531,0.4354159621981132,0.0271099948291556,0.0435193568533426,0.7997920178289935
0.3392363638477322,0.0451457938802405,0.1560620280015062,0.920865320848286,0.0276897129077585,0.596991160497397
0.5826519414296015,0.4995011922825285,0.1357935903217149,0.1518264223214165,0.7723906723308934,0.8020764615327941
0.2557510269518996,0.7793924634950404,0.4461174788851555,0.2820513272268076,0.1059288028391829,0.38267290614330074
0.6901973100566982,0.9647051343766306,0.1964179556087929,0.4267222610398578,0.448173008383639,0.2835455641352065
0.4212196424329754,0.1158502179078004,0.8126037681899885,0.8391990432401083,0.3595413943546751,0.18254079957750646
0.3618734363182493,0.5389196213714892,0.9735774455583578,0.1502352373849679,0.0198778434168265,0.14486667811554166
0.7134226183792192,0.9625791690269102,0.2911618521069241,0.2335520209440023,0.7855271899406386,0.013175581399932912
0.2703207987495517,0.0489723596550165,0.3459283547990979,0.0170666945539709,0.8492966717691065,0.2936695610392105
0.1028508061964779,0.2279774246823032,0.8815864695166163,0.3411081065998701,0.6046621037942018,0.8549656127538338
0.0719695445006612,0.6038225907258159,0.1768091076679231,0.5719341572393867,0.846246885937197,0.6535761882290395
0.0093590069480533,0.1670997690646271,0.2197601097541488,0.8414491463859078,0.1848948905473273,0.0553592806884835
0.1261572736254942,0.075708832936098,0.7952033897058374,0.6575888037943184,0.4943129540668673,0.07409051967736513
0.8253995481085246,0.8587989674788137,0.8039353144067022,0.3094128704894255,0.9006826098794324,0.18531879310723198
0.8841487373268566,0.2449364671772221,0.5713894154130819,0.2344625553102673,0.4256239986586391,0.8132691059606657
0.4506179749189851,0.5042357291654802,0.2202472231776716,0.4754274476893089,0.2402983999517901,0.2263447265028774
0.987957954880508,0.2459593912526622,0.9705527979181524,0.9546352077430654,0.3790979607387913,0.9193656694084855
0.6631634993940785,0.7626320954451107,0.7695034946707152,0.590406557193737,0.0719512607181658,0.08852756411914497
0.6917414189075017,0.1128519573264561,0.2558190769707342,0.5072964534677934,0.1283253565962201,0.16414554117333024
0.721931654006559,0.3811199379141879,0.5162165379030192,0.8866006898755429,0.1456451408353981,0.5693869479476534
0.794798766344723,0.6136653148494976,0.1183252057647483,0.2843270534188932,0.2398414517309368,0.6184460293148912
0.415843507382388,0.8198290343922399,0.1380702953290955,0.4427763932635127,0.1203045638921117,0.12030456389211175
0.9576991944515406,0.1861993195797233,0.1792670104610555,0.7371970666824555,0.7476160478193049,0.8770552845641985
0.9642408298462258,0.5912587989339414,0.0519232262331378,0.169878727098394,0.4164104378730608,0.26045560226094844
0.5632808343231366,0.691653432663291,0.6316037066343807,0.1452831085719871,0.3936359348780581,0.7352048362753097
0.1447544064225375,0.7246862072650443,0.7431556436588304,0.7557842018652096,0.0590522019621282,0.5702554750901478
0.7599885350315535,0.6560587079122996,0.858090322049805,0.0992428264869387,0.2845133770052115,0.6989033445630697
0.533296479474988,0.0422717155743266,0.2533804145359899,0.1939827725209317,0.5663432122449094,0.9223936413493713
0.2327786668349637,0.6020065343079827,0.585514311906794,0.2460730264217918,0.4594364997952836,0.07434764775443437
0.563411930131242,0.2298506012166541,0.5118035639744051,0.4165604656325326,0.0378378888880267,0.195728878256771
0.9238535127030773,0.9479027941543776,0.3634972654481788,0.8059950217383097,0.2423882874902105,0.17048256839500375
0.4261307804247122,0.5233089402394103,0.5256539662072568,0.7522640986735244,0.031242379058507,0.5456374627878507
0.6902009594237694,0.7321117519699064,0.3712023809767867,0.2774716191228175,0.5150580306833529,0.12521116959366374
0.1846267773714758,0.4930548053903731,0.1538896348533712,0.3116100391172262,0.1122319849180103,0.2284646077728969
0.4878754468159973,0.73629019131015,0.7871272616946839,0.0032001040472143,0.7583114427877101,0.09179506575455709
0.3266770905275625,0.0811924655327822,0.9825792668402482,0.749495323992234,0.3254362111833062,0.11536632901887856
0.3952219037460807,0.2237698020216417,0.4820278775720451,0.6662923364480848,0.3769460179012966,0.53394695417989
0.1932144557840166,0.2643767472687603,0.6595798628343285,0.7851825957542722,0.1552816661874362,0.6838180828270537
,,0.077614371651853,,,
,,0.2276081529004506,,,
,,0.063140568322664,,,
,,0.1570428623608103,,,
,,0.6818515426740704,,,
,,0.1483744400933864,,,
,,0.5335365184645141,,,
,,0.4899140320387227,,,
,,0.1715089691100405,,,
,,0.4578042367627077,,,
,,0.2429908925798026,,,
,,0.8972754263760513,,,
,,0.633460134400204,,,
,,0.7248836828468908,,,
,,0.0244605487378328,,,
,,0.2442459380672142,,,
,,0.7387279500804751,,,
,,0.0105268312753442,,,
,,0.0184097832937755,,,
,,0.0391778593851646,,,
,,0.5284358564262224,,,
,,0.5322423381923111,,,
,,0.6935951855398718,,,
,,0.2466562740709613,,,
,,0.0885740355248414,,,
,,0.2213262268953489,,,
,,0.2667638026918881,,,
,,0.9718829576146442,,,
,,0.3669176041422887,,,
,,0.9031727790034796,,,
,,0.7992275374447698,,,
,,0.5196062290922786,,,
,,0.4898299996668436,,,
,,0.3848259785840859,,,
,,0.8621258075607484,,,
,,0.6067576485412806,,,
,,0.5211559573299345,,,
,,0.6128649449224087,,,
,,0.7477084287913985,,,
,,0.6451124956724057,,,
,,0.0648115735004882,,,
,,0.1314908061541793,,,
,,0.9821325025025722,,,
,,0.6922193331933789,,,
,,0.7670955497222562,,,
,,0.0150107540751182,,,
,,0.9684011230665742,,,
,,0.0713464224168604,,,
,,0.806332534492763,,,
,,0.1681430619891627,,,
,,0.8005920714532163,,,
,,0.1433965507342031,,,
,,0.2537939345977322,,,
,,0.2796302908113373,,,
,,0.3778880095590217,,,
,,0.2492628313328875,,,
,,0.1147502553423315,,,
,,0.5598425500801366,,,
,,0.8992613704736199,,,
,,0.4305027854278582,,,
,,0.524235535148914,,,
,,0.0335374008474588,,,
,,0.1018778435960887,,,
,,0.4524843583562598,,,
