beans_resnet18_imagenet,beans_resnet34_imagenet,beans_mobilenet_v3_small_imagenet,beans_maxvit_t_imagenet,brain_tumor_resnet18_imagenet,brain_tumor_resnet34_imagenet,brain_tumor_mobilenet_v3_small_imagenet,brain_tumor_maxvit_t_imagenet
0.9950819047200384,0.2980444844868259,0.4764823238072272,0.9804834265248772,0.2182786847069547,0.542423938371993,0.1888561069223691,0.7806865409901097
0.4478931089545939,0.0506787666279084,0.9256534612837412,0.4047728704475459,0.3797066975160431,0.4150089023596821,0.7606089120803463,0.7756178213722357
0.2375332835612608,0.8118506126163095,0.083634945296286,0.2121488584846135,0.8260684236898626,0.7926528637322372,0.0273213179004587,0.4063186883311465
0.3117631911567626,0.7452603264619415,0.5070003580609205,0.8681547330440913,0.5559150865912258,0.0403437705293242,0.834201256623854,0.9635608508092018
0.6089968005015266,0.5438907539091729,0.2207506567220823,0.7908233745899214,0.4089206493954296,0.4635967944153056,0.6016154896156106,0.13408668229094045
0.1293898892082894,0.712703237599957,0.8681163532894135,0.5426928916336027,0.4159694002943299,0.0319801084584724,0.6975653665595729,0.2206715202686177
0.3112321221048051,0.2840609128469985,0.8500178056803828,0.5639337892845564,0.006127156889278,0.9716295417397274,0.721774359465577,0.6898438940732717
0.6158997453872069,0.4282546208282977,0.6992438313916872,0.0517603987636892,0.3566930614398896,0.2379742527202244,0.0302322940018482,0.5192247206588186
0.1959488250258498,0.0631639330043865,0.3202177912284834,0.2042888819670111,0.6146854153861373,0.0803832888992195,0.5788555610287254,0.21736546937993695
0.0717401489313747,0.9031950320172304,0.8043584206676522,0.7639561533789015,0.9053711875165148,0.118067269762066,0.7117836058370067,0.7703597663592099
0.2214720926825648,0.1143188790473965,0.5909430787652831,0.2385220585807349,0.9681618311567683,0.1001006526480947,0.7106238346677028,0.16138165301941954
0.5281027082621947,0.0548829151345953,0.7325999942352821,0.3564232754506375,0.1778749682187678,0.736057028290217,0.2227853203648301,0.02383418064137488
0.6577718808917536,0.434612001755475,0.2861345990917531,0.0482374373683456,0.3469522641105091,0.1157448664133429,0.8358463551531804,0.11894771032849172
0.1753642723854114,0.8013465374395624,0.3802639763712234,0.660679044382441,0.5969587830770323,0.2284564546767881,0.122432644501924,0.04268358190753774
0.0247457816678383,0.1623085939641706,0.8795600164842584,0.9797701587358264,0.2708628600928668,0.759273150545847,0.6152352963647317,0.39528794015708413
0.5619112769398512,0.2529575177943001,0.7838605872904517,0.4401559417290041,0.1751882351327476,0.2471481738230296,0.0048619024024681,0.17524589804220525
0.0903770582802103,0.9614088164109736,0.4387066192316772,0.1683940944304002,0.2719179792306723,0.7136811971451142,0.628770944801612,0.12615863817065676
0.1328283614171066,0.4766729499318458,0.1442618563942549,0.4712751052767194,0.8004482598497548,0.4362580122171993,0.3454821562275691,0.6280479442767034
0.9588562812845212,0.729492500555152,0.495858093332555,0.0901923457704757,0.276401351371267,0.986960914256698,0.7248900609024491,0.9210653538971668
0.8685851224800696,0.8289582965053213,0.542899370930492,0.7921823033052156,0.2609492550926212,0.8905062207104893,0.5694978612752295,0.6171935237290175
0.3160377920937467,0.0161816429879517,0.7166258587266405,0.9668976849381102,0.1726187779303757,0.1768688540823552,0.9208042957162432,0.46056131204909645
0.1090123165826072,0.5344791419491245,0.5141185187749369,0.9649333780008704,0.8333616891266504,0.9129989381132448,0.1493555661703561,0.49860444051862296
0.0531415764164341,0.5966189715909259,0.0312178110132986,0.8953326971852842,0.9535440366995108,0.4104717827342519,0.7097375034082628,0.12371127234080947
0.0516986934321312,0.2459215296196981,0.6332593646320237,0.7298776506585323,0.4754485412870234,0.9047084160277798,0.2235458859451669,0.798962582969746
0.7839928704769062,0.9981027583380576,0.0934127168552378,0.0063407230111502,0.6009150187828398,0.7363443673952159,0.7657464348823074,0.6684365739519418
0.1258075079688149,0.4698518383720219,0.5621786889780708,0.7474327144516363,0.9827157065424704,0.6071118375378353,0.4182403631689636,0.27638558446877426
0.3876897453854792,0.0210941714801352,0.4089771439095504,0.933576738100994,0.1027565638741643,0.1911951797852992,0.8485077683926294,0.9157606902057249
0.9524019897695608,0.1091778752829634,0.1499921769697045,0.0738104823272419,0.3380505020900405,0.9167348537141644,0.5385569970547475,0.020115798083067515
0.1661645935230925,0.8447684710207042,0.022470239761534,0.1467177551338188,0.7842243865866623,0.7773368412674331,0.326667783617815,0.7398017350732592
0.6333551871733593,0.6917531235646687,0.2889664874336879,0.9027518159444076,0.2586574020349351,0.3188444450664255,0.4498348650658665,0.9027518159444075
0.2147915113344077,0.7027554348852195,0.0732311061870293,0.442553407558368,0.818598901985871,0.7840842762544545,0.9248477589441276,0.22057419967674896
0.1940611429776075,0.8159919759961257,0.1507141576661586,0.8595318341116104,0.7866872531181354,0.898457388149996,0.1501761161344065,0.14011204411013778
0.9032774439692798,0.6601059816546992,0.2004048705353952,0.80537795731309,0.097705036436748,0.16850523533401,0.7163017947673054,0.24344548260531917
0.4785632475143012,0.5143636220795905,0.9652866114377588,0.402342404026502,0.7893308970586098,0.0483128409423713,0.8513989657369505,0.14072721556076329
0.7008175122362126,0.2972995024427181,0.96711735066697,0.3193983768388275,0.2930933119417492,0.2654444382612253,0.8054440909573343,0.24629503005820974
0.9310498006540376,0.1031790830049185,0.4054466183568019,0.5918248876451776,0.6181439425609959,0.438048748956487,0.0440709247366334,0.1035241136959627
0.3735396144019431,0.2562479900313519,0.0178263447682183,0.5365021097465243,0.8036350219264087,0.5210517724201339,0.54720877851766,0.678305551671201
0.6726487228210217,0.191446273391957,0.9659126943264228,0.6030389089008514,0.9885189179238548,0.1687977287817633,0.2697320025479478,0.579263321773551
0.7259394778891559,0.9314228253858106,0.0864926033606987,0.3887418663776834,0.4132603066530651,0.1686116960678992,0.4356504805991964,0.7034680317166024
0.3866809164041461,0.1730710409144197,0.2302479889955262,0.5545675982755337,0.8003291930329486,0.2204980251275746,0.4117775961439707,0.3472636711942747
0.2072753625390425,0.2584020251228269,0.076701284587384,0.9436159519013808,0.9875057915475954,0.997321174425755,0.2778064498492408,0.20483993930499467
0.2409743878581414,0.608560877035485,0.2533795317809789,0.4267635007630725,0.0539623454346626,0.981017907154118,0.5911728509487622,0.052524887520684294
0.5741376269871784,0.0687508596485139,0.299517612498607,0.283950886289036,0.2788650259053504,0.7273597906110241,0.9580142195110906,0.36185811562864056
0.1130491960773493,0.9541250222915796,0.2839434378462467,0.137100247867149,0.5623254131535057,0.2617375098768473,0.0005796468787444,0.7044161616294659
0.2560717067981858,0.611425525365135,0.6617660291496611,0.3022015087765857,0.6433820841457741,0.8716839012670128,0.7558020134727317,0.852573724655371
0.2638945397656665,0.9871121022933564,0.4565160625971142,0.231771371730114,0.7231235594393599,0.4557923526487825,0.5385554584661908,0.8808705135003853
0.4309695491534061,0.6467677309685873,0.1670433768177885,0.6612176331503213,0.909783402547928,0.0623709159337925,0.4248468344516243,0.7753575680613268
0.8841630611673598,0.1739055972523203,0.1866675302790058,0.2434858446552182,0.1376577975662575,0.4856012827883963,0.9831951834258672,0.023027786036277198
0.2831515102487832,0.023736633815398,0.374819914684221,0.7060084988762546,0.4933748273648284,0.3224247779873923,0.297847156090294,0.02983575152255913
0.0355242897272428,0.8001342316111548,0.7587944172781272,0.6593823118349064,0.693892637494204,0.338053095326138,0.0198190013492998,0.04049202603307955
0.2820260698790456,0.023986052140816,0.9393391400446898,0.8115470019084036,0.1071084019766595,0.4947943234288429,0.0381325829033353,0.2603409036502645
0.8851598515425746,0.466329981230341,0.7796953442651365,0.6098454315715198,0.2141056543676336,0.8774754515130949,0.8033118032933766,0.4895676897026212
0.2928326189066392,0.7245328863380445,0.6834249578327931,0.8383052167274161,0.4559864775426122,0.7181775748185595,0.7865621300996674,0.1716795243543312
0.41487828203278,0.6987923190647555,0.0528568739318018,0.4474235076875994,0.4329295170517684,0.4901498573152287,0.5620231373062298,0.22568041914828052
0.5918212441098337,0.6207529409356274,0.2878730685829,0.0930316026170618,0.1793500166366352,0.1681608647224255,0.9268745349957686,0.41310256178953786
0.9735907037809068,0.4103301522487099,0.8037534688421811,0.31866807870253,0.875955859292938,0.2350039213562904,0.7444260769185443,0.34968549601855836
0.5099280387964734,0.602196908454968,0.1640217305498434,0.536454118885612,0.7301705342938816,0.810432136152025,0.8754038622793218,0.4521912383910698
0.9600275389546165,0.6289001435812317,0.3719435434085092,0.3138665554148568,0.8625727706670144,0.7715998469027452,0.6532016486696064,0.7724122488975295
0.1033287109574725,0.6414035856323989,0.2846177296706117,0.3148625075853033,0.9562474425733138,0.3164555141920268,0.0569810651035452,0.18916065243406188
0.1247490169602476,0.5764099265758847,0.2386958817106242,0.7148076012747328,0.2290801324656149,0.5458377916389462,0.0899223533432898,0.9796537268085376
0.6946155277645721,0.9356818861393446,0.9559818937728988,0.1533367272278267,0.7801859644562781,0.0947598466106179,0.1427523063295585,0.3450964696557033
0.0287688913175024,0.5919539004732128,0.6285045905626049,0.2256772512222365,0.2825487857143529,0.72807720424506,0.3224487417930574,0.11130603017862228
0.6175301486513367,0.1112973890647947,0.9089111414312206,0.5452487720730219,0.6924278123921996,0.6443014569909697,0.0737991638305309,0.006971244553199973
0.7930574599179275,0.6983032235351874,0.8536658766011654,0.0930013012242109,0.0022382980998248,0.1260711022621392,0.93354650893622,0.9306002972376837
0.2534562436896846,0.6629352823501342,0.0584175786848361,0.4727910695705084,0.0930652753523078,0.167941067731376,0.4954701684457442,0.09018672992266707
0.967920755443352,0.6347980899067127,0.7117575387754151,0.830765523476447,0.6725384262768193,0.3470364581429582,0.1198652853766277,0.5717527879084422
0.6950889734895777,0.6712069595849922,0.1987761932428662,0.0971129653303218,0.9731346137095092,0.0852552438742468,0.169168304722071,0.9104406078189535
0.6213630018621954,0.4588266561721911,0.6973584816411263,0.7158319690725937,0.7878412860764209,0.3154070590166272,0.1678095420110339,0.11230752532854349
0.4391702615461486,0.2834489361238558,0.8030996014957997,0.95463284407358,0.8718698856498369,0.2995273509051254,0.2685029109331218,0.8518871738019406
0.19163038249196,0.604401137630767,0.6570315619855661,0.7574458042702615,0.3536009796409253,0.2713191155738126,0.0185914607707683,0.08114902961174897
0.8116772730261937,0.907889986836973,0.37833101648828,0.3425106358674151,0.0295790603592174,0.2791536817388026,0.8597124670134917,0.18926406653612182
0.1120649276796719,0.9333333795114988,0.29115399216491,0.043646703958159,0.7874768262087221,0.3599487092402266,0.7576008437359655,0.5073924965421873
0.9881637346020048,0.2139651284967507,0.7184622656783829,0.2252714570775297,0.5263877795358392,0.3545844170873017,0.7565528572980964,0.8431801450834976
0.6597950608387855,0.9806920279550072,0.8994596200461639,0.2216088901976525,0.3724477161672751,0.9366723694935648,0.1693618241067269,0.4977996129534662
0.6081624460145614,0.1300355968014219,0.3196907738727295,0.3257535634480889,0.6489822226486474,0.9028329960694962,0.9059504646270092,0.7423794502478132
0.7282053477116939,0.9748127176899372,0.7218811172317355,0.561158819356656,0.8709589496505694,0.3696072019412724,0.2627695903904182,0.698214151435106
0.3410106080327183,0.052935461885142,0.4064433284132498,0.0757907771215921,0.134189950506425,0.1363875159362714,0.1626609438158656,0.24088329875448922
0.3644627831982671,0.3210298513781395,0.8605089478390097,0.127028651508033,0.2432929473575741,0.2303084955028128,0.1012611671814175,0.23823216352666488
0.3664940676165789,0.8465061130920017,0.7733678628720562,0.895011665532781,0.7766188367547971,0.98643162497594,0.4585995645194963,0.41558826708768093
0.8397566807808882,0.5042887409771211,0.2747089622967604,0.5360747682585599,0.0792465180296683,0.4617768332342244,0.2968208106708837,0.8167872683567836
0.074554279693459,0.1372558830259594,0.9072321647309922,0.3464708521331195,0.942804824834228,0.1811568590573389,0.4619958364123219,0.8488000619776411
0.1579341945067929,0.4218990651846412,0.1600443170777024,0.0421879126237473,0.6856009256336261,0.0696694110216217,0.9908944494534206,0.9007759047283768
0.0064446492922368,0.9241561809690236,0.4512326987946132,0.2309588063569495,0.3168050676396935,0.5952267396668108,0.0271589596807335,0.4508588301656713
0.1772296744292451,0.6107366316627509,0.2869837527470745,0.1497363777201856,0.129256883188094,0.1284799407017263,0.5786607195576449,0.36660261416782025
0.9710391114062362,0.0121900898338555,0.6213063498544377,0.2377323505326992,0.1952410421157689,0.2764794250110551,0.3982386813039521,0.6820589225516283
0.3048795703134435,0.1495917331061376,0.1161730397946868,0.3852085108500457,0.7363181559952989,0.128940779272882,0.697092551775288,0.2930231086375792
0.0005321789775279,0.4366438181615163,0.9086589006111911,0.6402211549195338,0.0893593821331936,0.3487850490335986,0.2993206020718204,0.5429499178931156
0.3180193587910107,0.782308923964673,0.7219475731816074,0.2195058490253597,0.7004207524922532,0.6577449553597267,0.7122977873939454,0.9971756904728497
0.615341740305303,0.2506151281845997,0.6019963577135127,0.0512930677214604,0.0948772946055935,0.293625687721511,0.4179465529391269,0.17601082983768546
0.7022600167962251,0.0263007923062624,0.2863448251601639,0.6229652528697986,0.6960784594889019,0.955877285894402,0.0090520276501895,0.5388990499036298
0.2204262515431361,0.8327779644681418,0.192314591511015,0.5748231136604545,0.7970896323324259,0.8299035828655815,0.7625221124117668,0.19854245929205117
0.2329858673863848,0.5942975333028098,0.7039273232313101,0.0422921561441974,0.6029570645172233,0.6005051442123633,0.8152113928897126,0.3081317367818013
0.0570126054854749,0.1636240072439739,0.5804936920297572,0.0528343791500411,0.892635597665143,0.562689552222247,0.0777130299670297,0.3745190313422764
0.0543892585821149,0.93946528253632,0.1323748265795573,0.5757710068261557,0.4837084110538,0.6169102505412987,0.2750821041715763,0.7496559274885765
0.5656691698275679,0.3383098689371836,0.6530218915000915,0.9289054842128164,0.0729458409110157,0.2023465259244498,0.966448665339623,0.5305418015992517
0.2636034577084195,0.2737056072310887,0.5043022272377591,0.1954178062769457,0.4139893674962619,0.1852422442702317,0.0537926564299161,0.5940138767763037
0.0538981908548009,0.4194123473786589,0.6678406388851509,0.0872139577542054,0.3516627944326427,0.2805380855603775,0.0952609767333126,0.9440599361524178
0.6075916864810391,0.9778441161700993,0.8212408347883495,0.5755049363007992,0.7695854709778204,0.517405176260388,0.2477638815175942,0.039460947755537656
0.4778930237393084,0.4986583805327583,0.7482639554310994,0.4977718387235124,0.6031609401368161,0.8353210468292771,0.3509025880644969,0.30298772792381423
0.899090962424421,0.9987264295079984,0.0986606055141252,0.4391857298470151,0.1262411132636279,0.4780902510298898,0.5465329507298429,0.14444554631764028
0.9977677868542872,0.4527224200048794,0.5823494722385815,0.894200770652692,0.8515546553777862,0.1093219270249589,0.4939662627215149,0.0940245892755387
0.2476139423312593,0.2059992446423099,0.752102676008026,0.8078947847830958,0.5843794880758915,0.1772977793442378,0.9260292961802512,0.8156119515912831
0.1163158168025491,0.3976762900580564,0.5077238964895202,0.2417033669939744,0.8867321144255185,0.8217747804824125,0.4538266076390425,0.43500730870117776
0.2313010736975199,0.975804424411464,0.8563950063061783,0.9778960459131788,0.9466766792396476,0.6412552736377838,0.7745408371339352,0.5120320963598083
0.1957871410394367,0.3630430315985375,0.2548411301844638,0.0296803140562642,0.1330409332702732,0.02246620619611,0.4654607894320645,0.0860065920394546
0.9026384540624997,0.2930900627359774,0.3315414716134022,0.6594384833824529,0.3513471505903759,0.1687660278639084,0.5039426229711244,0.9162653069513804
0.2093694443517186,0.6811707464202945,0.6456366875907874,0.4493777302725024,0.1530921870000412,0.1554723985558546,0.4879579644917498,0.02810898570150111
0.6971729640925819,0.4429249976428091,0.4126020693750361,0.3037548283679434,0.1576052102206305,0.8630722101790107,0.2722775317021556,0.3367225979381727
0.2173794369555052,0.1667642869568417,0.3881954008825264,0.2791953296282354,0.7740886192592032,0.097914894428543,0.167861482195603,0.5312771765486867
0.6243565868553801,0.7148798063018422,0.2059803514935638,0.1549472649584372,0.5157545667756017,0.4084865826198971,0.3992040253301482,0.6695876022274827
0.4121637404645901,0.8881978646780291,0.219069274536834,0.5525824684285899,0.3502459359999259,0.773574072996295,0.3607970242403635,0.38229404181200777
0.856293666099854,0.7333754777493807,0.0140139864945596,0.8879010328186132,0.4699013681867391,0.386518558516614,0.9169258701178225,0.732105261633346
0.590150318666578,0.8734777720620142,0.1211893571665786,0.7589643551378902,0.6271094679381384,0.6780408401540452,0.0366781676675012,0.5562031645262434
0.2658396516729027,0.1618852774720083,0.6414035335270626,0.1608129603716164,0.1698172235356922,0.9799447583245848,0.8056122721350412,0.44078656228087076
0.5813392532737185,0.630122259015225,0.1783622512311683,0.4013495601966171,0.534527700372378,0.0576931217808773,0.1647498059779503,0.0034019803367769663
0.1830499990771101,0.3499602097335762,0.2756761417622131,0.5892480566008305,0.3007211838873403,0.3373822378144897,0.834391934430763,0.09905606696829106
0.3289624577653276,0.1495942277351508,0.6160747230303797,0.4540431682160424,0.2878931421707004,0.0901907411616073,0.2149491976702112,0.8229605215266553
0.3361631171807323,0.2480981486754446,0.1600612014135394,0.4669827491282946,0.9867648128934566,0.451388309334355,0.8347906797630654,0.6771501260717918
0.0750129904834812,0.0747275335279092,0.7686182281611129,0.9089399205360266,0.8268571774444691,0.307810734771576,0.2028917430440637,0.8181110179806941
0.2699500969084054,0.7477583076686055,0.8627964372758257,0.3732020500084679,0.8896884401495115,0.6266378204723836,0.5798381061740687,0.10668661944526625
0.398418608841015,0.1957375275049431,0.1570879988548198,0.4334758466799612,0.4976976034388793,0.7220723870525607,0.727413950355969,0.2656187817211092
0.207834505152881,0.2131099715649363,0.2566460322271808,0.8845747217812455,0.4509283848998329,0.7941238336924031,0.5838165997185215,0.3701925023142705
0.9924455740970664,0.1761762226645669,0.7589804730061889,0.0468944157510528,0.2887860910129614,0.6132734160338451,0.2370089353031376,0.9773366200462261
0.1964851777628756,0.1749966501680332,0.3128513072053093,0.7047832853072601,0.091742815724673,0.4834305222120354,0.4156331567467697,0.8601974173745323
0.0058144076923917,0.6433403658274996,0.4243590621596873,0.5497078475241193,0.7868595338576335,0.5539061279183137,0.7323020630992174,0.8683243321556047
0.2191263126903176,0.7888811684650603,0.3695926721097345,0.7856956581470244,0.5912654874833915,0.0161939929842827,0.0484320536900614,0.3305848574509518
0.1670584374816349,0.2911147587197882,0.2892691542125543,0.4649264310531,0.2020838927671153,0.2902797232908846,0.9862178593289072,0.6521552640808261
0.9826410442444028,0.2672420312579531,0.7772892397149258,0.5522879436696387,0.0302984297363905,0.9366655376760128,0.9877934413845002,0.025902020256793445
0.3589378892279203,0.173847871600874,0.3685094549367738,0.3035237453057851,0.9440531551178932,0.9884217204348738,0.0459472693572186,0.03686189879721413
0.9806683645924718,0.0586766124830778,0.7761159189140358,0.7270372510106708,0.9535286483973072,0.5657888741205804,0.0754636436622034,0.37143171088166527
0.0130126679416251,0.095916902072792,0.3742706962148459,0.6113393211300385,0.5091999515682184,0.6561346271555772,0.6923245587626815,0.5940739931443466
0.9204867645970124,0.1297682595291388,0.4787321504670072,0.1044179728056855,0.6896972785850186,0.230656451143643,0.1816811546048138,0.6248646160214233
0.2254336686583027,0.9455447251398904,0.2395693879830848,0.5448167427191176,0.5220103265595768,0.1511821674555202,0.4921060946729305,0.5496774908329838
0.5601910757168261,0.8789014205721171,0.2200170078055582,0.6874732296137148,0.96629633463529,0.5036339756527166,0.9347222338878308,0.2055632168396061
0.6575550509952561,0.9358402374407676,0.4970428186738398,0.440072089935055,0.1167360420869277,0.1201908503855105,0.1872850695199318,0.46979341924575724
0.3885068502031231,0.2784400910051715,0.2052752743388405,0.6951962486909607,0.000241478093114,0.0517084694103673,0.3828816851884881,0.17328821479980117
0.2994659458517691,0.4620760623658442,0.8399322239839988,0.8735379870599639,0.2933099721300198,0.1199212169203221,0.7566459315881643,0.5165312025113642
0.7226387575043749,0.415921396758629,0.6038588416045685,0.0098824743601301,0.1502935021614657,0.4361702571052069,0.3599223723333108,0.3043742970517497
0.2993667580125589,0.207241984064928,0.5408518815023071,0.5400325767459537,0.4140155998151781,0.5109424911627262,0.0983272043157379,0.8239069460263732
0.6062048775131531,0.1861328344874815,0.8140706983469901,0.2988386253569189,0.7186692677234054,0.1215848646280429,0.4728556949228163,0.11715218670331529
0.5833605797603638,0.4833482978605163,0.0988702411898254,0.2535479578381382,0.0912628592325808,0.6009255090320739,0.4476732327205105,0.3925877248920926
0.2283509360816957,0.6700261948268765,0.6597307978178468,0.896901127285524,0.7020258912594864,0.4449218482371555,0.3367453375724841,0.03997526071449431
0.4847887679338969,0.2329388457823656,0.6905769183759712,0.159019013797338,0.5171796154739746,0.2458169587206935,0.3129924562161498,0.701007711656974
0.2747089622967604,0.0714761181933204,0.3503856597273255,0.5458353684791831,0.7424257788206454,0.6216255542459695,0.0233988404458306,0.7400006897711862
0.1500370601794783,0.9167523305008964,0.1551369310315732,0.8118925274006036,0.3670279500227094,0.7285422586204782,0.9433866541309978,0.7977435576663297
0.8158382390600565,0.817242108116515,0.0043058391507101,0.5021892338361268,0.3585376449938042,0.7031631168651242,0.6617798212215135,0.6940299926794065
0.2177192560983214,0.9594618459002022,0.5738426659848416,0.3285283090506625,0.2979212850368381,0.2240932979727589,0.4052271430124181,0.2131480572684804
0.5248146956199274,0.1793077288306402,0.1230348412862696,0.1393415271510737,0.0533109319066705,0.5401633287814732,0.6380840054404279,0.637410780915659
0.1472040073091547,0.5494925638882134,0.1472786989893575,0.0584412122344121,0.3764125328381665,0.8145828918410103,0.7299950652188668,0.4267454242331733
0.896395017298042,0.9382115591778484,0.1073953446477758,0.5712606203694023,0.3473344561684275,0.7472249596683784,0.1010359509183135,0.04726295914110212
0.4166663036641506,0.8673040246080382,0.711385642683153,0.6971908798348909,0.0168575460491269,0.1847874321832745,0.4674889936472579,0.6273114027737088
0.3140017931590234,0.9038341793683832,0.0851925143197813,0.6628117852845421,0.7882161160366815,0.9050450007679842,0.5077839196082605,0.13264196970512043
0.553103001089655,0.3470534877073051,0.332510793199211,0.5286445290790972,0.3547201314257515,0.2644504659634071,0.2834618174455273,0.24596601585898858
0.7101094590117224,0.0610574564493766,0.831358086051049,0.1570470209496796,0.2953678684704953,0.3976507996002972,0.7538878414678792,0.03650610847767144
0.819829885891457,0.7326328722928981,0.3449466802748536,0.8029141074680053,0.3169945166855795,0.4727441760369268,0.303914672461842,0.6220106090621991
0.7826541437005987,0.7368780590927982,0.0966372281827306,0.3651484518220655,0.1498594114845282,0.7842851338430734,0.0273545935203473,0.06574632631966648
0.2056551682954275,0.9745300536815564,0.4352465069711663,0.515535535151154,0.3920817627826171,0.630315906343514,0.2689776886579947,0.5608136999350429
0.3969557112609937,0.2374405141522828,0.1448305359080322,0.818165035694106,0.6602190350935304,0.5120904729695614,0.6865297085690348,0.7382303140964047
0.6424056986720293,0.0299225775634489,0.1023649217488471,0.1037502506744094,0.6089270861768052,0.5736844614828425,0.4131797800488201,0.38703085296813766
0.0731666038961877,0.5384741825883083,0.7368658304804453,0.7947084235624827,0.5117653415930263,0.1791820833672733,0.5729015099689956,0.9111160649418185
0.0560901194125587,0.533908624383728,0.2869694870345344,0.7842287617181631,0.4975643846050674,0.1589704781140414,0.5401747760054217,0.805466199245733
0.2935173344342381,0.8608407871818561,0.9764400508150104,0.7759361798014244,0.9084541537236026,0.2361574854942764,0.6283566778360008,0.7490959082159507
0.9203969620764764,0.3524005144283135,0.030410018282027,0.3314356236397588,0.4692900343229603,0.6613305404672163,0.9303399740241888,0.3643565300648709
0.2194840047836989,0.3878727950011781,0.0837233120823885,0.8603722714441291,0.699984685384011,0.1595016164753,0.0189747922697891,0.014480984747502479
0.3385797959346366,0.3857072023232467,0.5594980173981149,0.1699313340080396,0.079284863664393,0.9835738121218494,0.0945859567972274,0.618772047262525
0.9238701132006144,0.6235015683762118,0.514318552533129,0.8330113573710759,0.925778852486948,0.1811686801116586,0.2012312892530696,0.0870106225237326
0.8747310758255097,0.5711608306819214,0.2814517076800352,0.5671389978573596,0.0828026858316034,0.8407838521133487,0.8976444324755573,0.2807110603440558
0.4377557995130402,0.0022623441598315,0.3253313297689604,0.1101859026027063,0.1027256425922641,0.1166195458464246,0.3814702263316052,0.27725854268692685
0.0059091589055688,0.8387150268935912,0.7145808619061185,0.3090296528056894,0.1709766283947275,0.3775057464988611,0.668115530886328,0.6699457303494576
0.4337385422133559,0.7917673933659134,0.2087653341291109,0.0995350408804092,0.587976398569159,0.1482987055798795,0.2973620904952364,0.47470918766808423
0.5225114035147529,0.0463663590353966,0.8434137999996063,0.3586315643878596,0.0869376719297556,0.6314470449960458,0.757096192207321,0.9112636927865458
0.152047986795422,0.2603323153063211,0.9808597947924848,0.6417407439357656,0.1043212509993708,0.0310590786598737,0.9274924939268588,0.8609496410844871
0.5037905752363772,0.8948381043287102,0.224357105098959,0.3562993588696612,0.2347873335098441,0.7419071416539625,0.1891584630066755,0.0032627946507017835
0.079021965650244,0.235903923802659,0.2154384884398196,0.671409876339572,0.3054579165652593,0.0402217564264322,0.0476858097879596,0.5645088813712791
0.1778720299295085,0.3125834590581655,0.0039076640536703,0.6344443475274528,0.745932947719633,0.7864443774688138,0.8310740811207448,0.30962580959451
0.4826979637288854,0.7167409503070088,0.0645740496356359,0.5224596198228761,0.657668927601885,0.5738006616416472,0.7827118211517431,0.8066857219033374
0.1078121450903181,0.5306613997530213,0.6886996886920718,0.1041681625907,0.1942955538977629,0.3592261619269091,0.7791563509528273,0.5783808482254353
0.014935854494118,0.075710703240917,0.0778388831432701,0.5436226594136025,0.7670620008364579,0.1615027151419966,0.2521253703499271,0.34279137996435405
0.1562376789213082,0.529808270333834,0.4059668091513539,0.8374486092477548,0.6520859480764412,0.2779880303253892,0.8212547420607333,0.729029332912208
0.2993221700725544,0.6687773574927965,0.0856219912222312,0.3894224600845298,0.8634811173807598,0.5897674179449296,0.9890997065107174,0.8577437835105097
0.6775355962471312,0.9756468145089174,0.528930094214062,0.9275857763672208,0.004872047953606,0.6491169239273741,0.1839853346015623,0.023753726482740545
0.8127983390455833,0.8770472160497481,0.5154034339440987,0.4543232662341276,0.8341631899149038,0.6423766955762744,0.3702012830511599,0.5836699449474589
0.5316044979955089,0.6313651158689176,0.3158166400710424,0.2284729409341879,0.4602790229494258,0.8989778472856593,0.8237511465033468,0.8435870099947106
0.9512642854194476,0.6708394425614618,0.5302178062712026,0.8300719365084616,0.2643432390708976,0.643488465139519,0.8001228472067039,0.8913170729041109
0.5589473452249332,0.253596490493312,0.2875789825153706,0.4070714488095678,0.2520097965575,0.5992033271538065,0.934652108045,0.44916060300836147
0.212142789228663,0.154406388769584,0.0441555875642406,0.7938688261819915,0.5359024757994613,0.99232152234322,0.7502664856858764,0.10109466996937388
0.6292308300946381,0.7548260786760684,0.9905079421691678,0.3901875240549456,0.8620127568291132,0.4814535561892088,0.5470906456356254,0.1650628257076554
0.7640160455580576,0.6194817518937267,0.358223164472081,0.1479187825875278,0.140105831043612,0.8149634636637897,0.1844464540346855,0.6903403050844831
0.8555823132233609,0.5911198752584087,0.1504607495928719,0.5356310277101296,0.5998223084998444,0.4349526793545016,0.6446782928468491,0.32255397797592145
0.246651556506927,0.4221583374691591,0.8508506730137206,0.5003735086480975,0.9876346413678014,0.3342894209743745,0.1147252329666825,0.22206265038588047
0.6993120408818201,0.5284494259092133,0.5307786153385918,0.5948058473948031,0.0187272330748687,0.4202706279602155,0.4777739965351381,0.30675840970027946
0.4971357378024706,0.1024533385328348,0.2846874395253219,0.2792558992428618,0.2621657414825126,0.7427104497674812,0.8547997446113406,0.5861444085129436
0.918333663180022,0.0574058644292502,0.86575266427596,0.2548491006089199,0.7157935442459653,0.8901152910240513,0.3061420324003603,0.28314065731681115
0.6540820823706466,0.9778937464825056,0.6521584248920773,0.7141797654644003,0.2994103997494565,0.0607932276372006,0.6025750956455322,0.727021807720489
0.8592832045423081,0.3930965874058625,0.3424677180094299,0.6062438731538656,0.4208998172605457,0.1997207423350753,0.0222160575051221,0.6563261518084672
0.8755700149088095,0.784965354608276,0.3838079973942486,0.9235099687859972,0.6324320280385229,0.4328674901659611,0.6565359087076237,0.6609611411295213
0.0412579239573513,0.2001363376155199,0.2199401934383859,0.2312677821441328,0.2145168701600663,0.8613048956389697,0.9100620166341722,0.68098532173258
0.5840613221726068,0.361033962572001,0.3714060442748073,0.6514608373971275,0.2453065703716656,0.0605418210427776,0.3188246914612105,0.48855083012581346
0.1914967622031597,0.276342552316734,0.5754556122767328,0.4721893196680644,0.4850943844970853,0.0879511274737132,0.6700591227974069,0.04831757040301077
0.3689931977422991,0.707714004639762,0.2593754760190871,0.5567529657926148,0.0366076185811078,0.7367018162159821,0.7985449638537329,0.548424668974708
0.3711059094040156,0.1919652053287027,0.7870527577047509,0.0708744263189515,0.3369131671082213,0.5209621805899094,0.0839342099241687,0.4551609481164982
0.5936464418531183,0.5486877873523139,0.7630653981702022,0.8511688418467286,0.5568703401230839,0.222493357587169,0.2353087977079855,0.6852831089432616
0.211173057459418,0.3855817850358624,0.1778765521411145,0.3042859573804012,0.8076429546682542,0.0347655094946224,0.0092272820283151,0.018370793771173344
0.2272560155267236,0.4685103262350057,0.4340987817922407,0.8268981405470791,0.4802652509511397,0.2610946935105209,0.3614807903619285,0.7076502762948549
0.4963538714368992,0.8718961896860925,0.2354613099836415,0.9580879506299724,0.8998132863577946,0.8867750234664589,0.6781874474593351,0.08765170088811969
0.85079160777703,0.8063759207399211,0.6370150576510551,0.2985516269233828,0.2046709537169473,0.7578580552372081,0.4054120675983635,0.4658388929951204
0.1652394676792378,0.9045678585196014,0.1034819706474454,0.0390976348593909,0.6896599904660728,0.2262639605784886,0.1773029613481801,0.296739523831302
0.9996440059092542,0.286972046695544,0.4553129460749394,0.1137687335961943,0.1804882999475626,0.440606277931314,0.2798531052310804,0.8101487815115864
0.1296165622420163,0.8106503842344245,0.5190643879100395,0.154037485717851,0.5882196113581959,0.08650348783124,0.1693213259298516,0.8026165735864536
0.9671859593473832,0.2517197988905455,0.892615345827729,0.4984704701276379,0.2062292054268897,0.6736171713799628,0.1252650281261493,0.15444067441867204
0.4926047790474152,0.9722775605088748,0.4981034066585288,0.7986072164580577,0.0310355449384955,0.6350400298440128,0.4061803172233672,0.2663103211396187
0.6457561677937037,0.5015680153489465,0.8342973428808994,0.4543593137260783,0.1463897656332882,0.3128744640697748,0.3859196674182941,0.4157935485919616
0.7684327687959692,0.8605569772885109,0.5764955065612383,0.7250091109198714,0.17518858241869,0.1451408505346849,0.306553817908173,0.6670529466107783
0.6098180427682158,0.4318670680657294,0.0325770769609268,0.1818633761135852,0.4173175203113164,0.510796701908446,0.6071968591312457,0.20366233881415474
0.0408810399152852,0.6973339394242777,0.0923012754756886,0.6761111752703192,0.5633919064645311,0.5292646201639755,0.001093167496022,0.2715038457352057
0.3294483435675117,0.6294633708685764,0.3691775214146803,0.373912193855143,0.0236299502391128,0.9412978935205504,0.9099627937924696,0.8607639241384181
0.4672231264311034,0.8219682574578444,0.1549842793920932,0.9257691595553816,0.6187007583084864,0.4967293863941422,0.5686842251194851,0.1698002839704198
0.7313336031680789,0.0311302197041433,0.412722726412477,0.9202430275250244,0.9308387721674865,0.2132683937297248,0.2534039413071535,0.42370068234462843
0.958752599842588,0.1231839151199165,0.5882850111556241,0.3223271969844382,0.776905085008024,0.3128573801414049,0.8725222472840104,0.6800972759407372
0.8353984323157664,0.121569671788811,0.9329194908254,0.8589345472176061,0.6514257559328669,0.1664297768624858,0.9348278210263724,0.5873916408576287
0.035946079153639,0.3438511425199477,0.8163282544804076,0.7758018365241028,0.0697859785042085,0.5207817288416609,0.4610343337439213,0.39604962072603056
0.9391460199366686,0.2657323145997318,0.1927145278359072,0.1007397593486489,0.8960750084031638,0.67898059164027,0.9497832693499728,0.8588808698814239
0.9141462197281804,0.0143356304069101,0.7428271621605567,0.5209064859980039,0.3976890714371511,0.8009272264038519,0.5355499168278034,0.894249850674409
0.3010312797306006,0.3861768270528063,0.5708637846420994,0.0289594474528938,0.7435491154254965,0.0416911826020541,0.7886869959908479,0.14353569724021342
0.9942703639346996,0.785416679031382,0.1123060041141829,0.2501263378230475,0.4852975614252932,0.5079926052350489,0.218095525156889,0.2856296476157818
0.8656882603328028,0.8467407108179218,0.7470395371743347,0.4235072166042833,0.1303022743940898,0.1676245395235412,0.9854282448881798,0.7933435865594897
0.8057939037116502,0.8847990181586766,0.7222758985065215,0.7663896009725655,0.1858743399345912,0.6834909628187275,0.227431386954093,0.5423614345675659
0.0822621318208692,0.5207590327752443,0.8788963036824227,0.6698741458895259,0.2552196280186596,0.7379468774732357,0.6122368305952597,0.4267084993705106
0.0967173994562395,0.0138771487754887,0.4995652191641592,0.472124739263552,0.4335337841640836,0.929288622326652,0.7006624953660849,0.4635092281931933
0.9063976399653187,0.1297542066452102,0.0933058153259741,0.4943052563950079,0.7951756156948078,0.6205642838903376,0.6138983455475614,0.11708410782884326
0.2638851899472819,0.7059397936623618,0.7033652716374987,0.9874525771256476,0.3449360639938624,0.2068968100035837,0.0979844623426731,0.7043515775604057
0.7558642889744805,0.3984140588888079,0.3820533992039744,0.7775880888915251,0.5784511202639231,0.0431340033199363,0.8831277046082154,0.6477763953451058
0.7089004910513999,0.1092876416518809,0.9526449064629776,0.3074793964318481,0.040034218827771,0.8192359539518708,0.9300471868649108,0.7418877927437401
0.4872002869257568,0.6106049875802757,0.006671862761703,0.1814057876644005,0.5222967995109689,0.6843598235278526,0.866996397020029,0.7744842302173576
0.8885761231986642,0.285910453666631,0.2338561631632292,0.4568978804254734,0.0237867960012612,0.2541104644379383,0.9044851595410226,0.09934807734288709
0.0131032106524591,0.6634147937965034,0.8411377116437672,0.969711020492347,0.9788102412049136,0.436665540503944,0.5514533143636393,0.9648757449175572
0.6182452330560423,0.3341457680448249,0.4101952922249319,0.6476317766763503,0.6822972643579464,0.1459900173089963,0.4923679490052201,0.351346898905186
0.6208072439969617,0.7236017679096778,0.9882672870000456,0.574139950433531,0.4835199313147117,0.7568004465523356,0.4656164763996299,0.6216489100255417
0.184602864989261,0.7715435567419934,0.5663294440654852,0.1690580851228517,0.5863277534930381,0.2165785023706649,0.1504104218264563,0.4242537833298775
0.0502227888645173,0.8762333894529324,0.5488974525178574,0.0016812371919576,0.9249125282923044,0.0995349420996912,0.5051176672593026,0.3831673201866169
0.1612996875154029,0.1330407437668925,0.3917681047625171,0.2132402499995973,0.440828624265401,0.2660529167495142,0.635518282612023,0.7204149172844029
0.7408233367215343,0.7113774162289042,0.1831492146181704,0.0351316381432523,0.556825170768507,0.1692773959288424,0.8714138746303346,0.17486346934014518
0.0132111813709724,0.9115113507508782,0.339857075318549,0.930989865345972,0.3833594888283772,0.3614614469209269,0.0038995005944092,0.714260260136792
0.3914602129291029,0.4892664440090319,0.6314413635448737,0.7228738712905096,0.4162841383663356,0.5786134315600309,0.0231269187589772,0.7484745406276511
0.2091995108203991,0.3711766910452755,0.3205819955287757,0.8560802946619112,0.171047441601972,0.2566793293857742,0.1285747997147088,0.32556579313319456
0.8979354062633711,0.7369415977867229,0.1958649292824675,0.3022441141856523,0.4816835162272896,0.8800842330818355,0.8739527908765374,0.31621892886498604
0.6813948478763496,0.9171504921824044,0.4881064739504102,0.9548710679904416,0.0572212426631626,0.9592679981723148,0.5699294341826083,0.6909850748299987
0.3414609637022735,0.2173259204824759,0.5375065861734813,0.8686001597008706,0.4133611025752771,0.8335270620002557,0.9212511536854714,0.3101442177714374
0.2166465716077811,0.7820974524424952,0.2884505708908569,0.3134285515827184,0.1415689961921817,0.3915035612147511,0.6212202801385233,0.4128373992741461
0.8480382537367347,0.3109398079769184,0.9636584001358824,0.8899163518393325,0.820873161620266,0.8298263205796822,0.6655931528093392,0.2174054580724546
0.2527785117597381,0.1853655579504601,0.3410037079880893,0.3673013497693866,0.4081422704548659,0.9792075736201036,0.9291493425982582,0.7673688501809206
0.699169573529302,0.4371618620497625,0.1284483703285148,0.5503497299224219,0.8588714810572694,0.2432148174739116,0.6696681203625917,0.17016095627492933
0.1504607495928719,0.2805943005181202,0.150061152608775,0.6692171659210635,0.2693070608580656,0.6066748370199447,0.7549814541854333,0.25187699513291906
0.3891478605674167,0.2871186400716515,0.6986262888137902,0.5097036169234281,0.4614448693583206,0.8324658069036553,0.1978576010272802,0.7501586601511316
0.7651827344936847,0.3150808536830252,0.4774265006789925,0.2167716775565469,0.2167716775565469,0.3027907750006088,0.1915216036093597,0.19903847731926227
0.1194347866764128,0.3258938085180402,0.2183173324203963,0.797703612722373,0.2103970070418487,0.3778717814437815,0.1180478381175764,0.3454084571858731
0.0934107937514242,0.0646062399672807,0.8104220786800178,0.256111612656811,0.0582356959580554,0.724200435271069,0.5189622370663828,0.7977782533231721
0.2198240358230119,0.8611395100531716,0.0470296714721746,0.2934446712633562,0.5965291136895179,0.2421122267618858,0.7484967788747935,0.8139002368718389
0.4235595993081923,0.1984185816078478,0.7335125435570166,0.2639438757827406,0.6976748572287145,0.3443476559495018,0.225206249003211,0.6739048878156596
0.9959747767849064,0.8399880262368126,0.7423499646691311,0.6541807435724536,0.5828888521715752,0.5500098677806058,0.8060287326609806,0.16490203262546388
0.2266411550760343,0.1595953571492423,0.1026901159965645,0.6834245463140706,0.6622203088654388,0.2838749275467815,0.1175396329872057,0.8559576335160642
0.0408284970262189,0.9838244424327394,0.0203667434476794,0.588723094558736,0.7620330574990503,0.5482490433194332,0.4718462626128663,0.71620641340593
0.5198113087426881,0.9720459344315124,0.0484289833489314,0.4961571953410517,0.1842570671584468,0.2430127160094386,0.8073121655035423,0.9880803989599017
0.8008610732881948,0.2133898431261504,0.1040130601642531,0.7950945362183306,0.4380213555133866,0.1145662370490011,0.9520399627701592,0.10125190400783712
0.1134989774894418,0.1308807135136549,0.3852125197147275,0.5948432618504518,0.3416820743759218,0.7704049696645868,0.3943424239125995,0.017023858613097964
0.0533357409841492,0.4534871960675758,0.4134806255132262,0.5597742888855737,0.9219504309674168,0.741983272432454,0.6058075082985173,0.7659658205925147
0.2735717739408819,0.7051685714516422,0.1275560977171731,0.6982888574716883,0.5261298438955783,0.9851761584592564,0.9101109277335656,0.6751975550561043
0.6539212072251351,0.2041110976222189,0.0557638096091974,0.4270504192541056,0.5954661689695429,0.9641529469112086,0.4974406447578865,0.33682808848402557
0.2248006820590066,0.0981778950689385,0.4209230845148799,0.9995243889216302,0.214314646639865,0.6361764016946295,0.4625970068207538,0.9236886522312703
0.1469733771713495,0.221360502439286,0.1650222795978141,0.4784710274337376,0.4625772467799121,0.2577764355377174,0.1300153951866377,0.7578869489631153
0.7350015854506468,0.5319341376149729,0.775647105740279,0.2204980650751051,0.6299634151361241,0.717894312167514,0.0177900392003782,0.9787986085488369
0.7540590934964282,0.9548629643960104,0.7199618888895454,0.7062488078364432,0.5279360973995489,0.0135302469587216,0.7613747658393272,0.07344376880426162
0.0627072572622463,0.1241662828861018,0.5972617930471434,0.8158744193838925,0.1009208417340552,0.110986108979519,0.0889454785218144,0.9074597286578043
0.8729191225346361,0.4404815866322379,0.9361401426809476,0.9023358873176488,0.3913484159027872,0.1937679584785464,0.2971541623754647,0.4559960640577495
0.6268889473904927,0.8341264227998569,0.2708465247901189,0.390641841239712,0.8433665297785458,0.6124522451353563,0.3796226698284842,0.6443697468774258
0.1733388184360367,0.2130716375336205,0.4747636605492337,0.180064140346826,0.6142261203060694,0.0764039403558713,0.1367625445603485,0.20248525408492946
0.8580649534153834,0.3083328941690224,0.0457099761151765,0.5674271899897304,0.638612398811688,0.3500106554626911,0.5870361870577204,0.5332823210657988
0.9860441458588886,0.8044262401919424,0.0426709642535455,0.6620077292259163,0.0564221351593768,0.4717506932170557,0.1045914387105829,0.32682103398518125
0.1438984140856164,0.3568298841694246,0.9292218981643594,0.141918558674768,0.0209499987046019,0.8363022773854041,0.035657522038641,0.4285361420981997
0.0941356531155684,0.2093750832396123,0.0248257391547108,0.5998084641360667,0.2018298527820908,0.8816909193539424,0.731837858769141,0.1424751386237757
0.4377327728424464,0.2226933354271254,0.3086241629367615,0.2916668874763279,0.8093563298695693,0.8388285022500344,0.993457093164016,0.3070179044869561
0.0975427705641587,0.2637907467894694,0.4167995496862489,0.4685595805257571,0.2598795763455357,0.2269334786723384,0.5406741344927221,0.22420932801563653
0.4896836013405982,0.790485705796954,0.9788389368664686,0.7523994253602655,0.8739877849939895,0.2145590721562575,0.1539519917878757,0.9967805863324849
0.978948346137304,0.0009340456725567,0.1294873219557235,0.9210607538906914,0.4602566078119606,0.5449165516390752,0.5549959388234886,0.18594165471609703
0.1653856178018524,0.9528167161991868,0.98891873305068,0.3355607283922549,0.0776467189227719,0.3492919162489835,0.655382524222211,0.39181850363492365
0.854295529893237,0.0462009374036205,0.3980492889329203,0.3131586157807149,0.461412685269275,0.0617120975454608,0.8278304677785441,0.7804875357301007
0.6561993342699285,0.5756246497571781,0.2936342829668681,0.603460209373136,0.2667192818570979,0.3495263943833036,0.4154557613455495,0.5868825612126879
0.3355539726078766,0.386789542297609,0.6829777056191135,0.4489161857027618,0.1403566603487307,0.8509850315656611,0.8746697510421092,0.2507855867716392
0.8782612701461301,0.3343881883098766,0.2846239689687354,0.5663449987192255,0.4376140533122952,0.2275279926777813,0.2637252539117924,0.27252872843557374
0.6638728314584299,0.1545520743891504,0.6444092015476933,0.8325023729314777,0.8058622681672135,0.7897203202335977,0.0007931872737781,0.2780282280096701
0.8618674447981932,0.4712605711950515,0.6164897904962657,0.5269729594099719,0.2510808990384588,0.6409103061684498,0.7747494924293268,0.8197162759123385
0.7538853529503312,0.6039423801346474,0.2884844100899897,0.0083603659894909,0.1032561669421029,0.577056659774514,0.3371300047764881,0.40354778202576946
0.4518433458055986,0.3828974827180093,0.4451806838300626,0.5294785358875301,0.6664311216426262,0.0805675293403624,0.3856686110550916,0.5075417433417273
0.4947697639909187,0.5331337110075259,0.7492636410608312,0.2966857492927419,0.8674684649238912,0.9191136145500624,0.7898251647569395,0.6049102927453941
0.5358505592015501,0.0682515330073689,0.3834281666276785,0.8291661708331935,0.5816872693689248,0.34789370083145,0.9830953420111802,0.9655379725943278
0.7522686139613273,0.7738861414290816,0.1719028348307008,0.1154136894374199,0.0095423307761799,0.1354427917344998,0.0913961030473421,0.2549323800596225
0.100112388739596,0.0358408778423532,0.1532008754317003,0.0008702952580341,0.6424969812577791,0.6574265806142557,0.619872285736344,0.13641889106701022
0.2027838973809579,0.1679829084995475,0.1431268299423511,0.0249480878241941,0.0047482632146313,0.2027838973809579,0.8650548757506341,0.05880910329676903
0.1208465738755436,0.4934189917666913,0.0973404801311971,0.3319156402659953,0.3631422223581372,0.4934189917666913,0.51834776945281,0.43781163987128524
0.096606109410255,0.1079894003932123,0.4861142842017173,0.9790242233419864,0.8774230632325326,0.4765225674302221,0.4756660151302467,0.6138333928154822
0.2975940722279453,0.842857618151735,0.8620018428774266,0.9995036857238816,0.5218102662213748,0.2980206243352734,0.1967282654988531,0.07195115811835462
0.9921026588023928,0.8983859792885931,0.1089751685276937,0.8082281640456512,0.2663649192695528,0.1247723910981208,0.1053846727300392,0.9773872145360071
0.4649148970446982,0.1289712070953238,0.5528136108138053,0.8525399844865978,0.3455948551549211,0.3699043910145702,0.3211706339194875,0.8948292479470206
0.1559925459612381,0.1787460106182453,0.1289318796424887,0.1502972694607302,0.7069787546783025,0.929816994352981,0.5853310168017819,0.12477544230894977
0.0973883176699202,0.8266070186961214,0.9325646317782872,0.151615498344108,0.49896747449996,0.0335113590160651,0.7099862714651014,0.10323036964474497
0.3933188683158872,0.7699844472083456,0.529078060753571,0.0515082888050847,0.0259311098897939,0.0649218830577575,0.2552989515869316,0.43771971185333847
0.0430356176378211,0.7203928251534573,0.369689833136632,0.5594989558659711,0.0976102886397133,0.0613094209170119,0.0607869447806543,0.8345441903120208
0.0654273074947063,0.3138211808322431,0.9476349691111948,0.9833973401724848,0.0127115018742685,0.2006467652084259,0.7501863323105128,0.007199039383321892
0.313667215472296,0.0345092373896954,0.720643360194319,0.9556712003789974,0.3356051286958836,0.5606483743656688,0.2341686487211191,0.8084086265058572
0.644911371855883,0.526448835240637,0.5194182687727842,0.0783143248956462,0.7614449210932348,0.1233687293341465,0.1888664078373464,0.9432909814390137
0.1173681295029979,0.1830740013366163,0.1012251890758475,0.3362053928445134,0.3269909016271587,0.4801620760467899,0.7232979213339107,0.40539749986490925
0.6239897644912213,0.8523250692887406,0.0808279116415344,0.8883851942904438,0.5423100242117673,0.2243131519898213,0.9936467746787456,0.938854730999089
0.6955133641570925,0.841667528104532,0.1446781884786961,0.4735935034651991,0.2872863338075951,0.1415266311367463,0.8944319060504039,0.8384143593748177
0.0539408783772141,0.5559274396104502,0.6928463987233028,0.0685900212738406,0.5489702150461222,0.204426647519075,0.6410348637269745,0.3438430555133678
0.5612123961402468,0.0562309559372324,0.6244652907358708,0.7583243463220499,0.5027114188311327,0.5381800516375901,0.2432122646780368,0.7238506602604082
0.076691520645153,0.2405391951482042,0.2854632243551667,0.0726474974209681,0.0642715476521427,0.0642715476521427,0.3538315420763492,0.9021154534846169
0.0122338464589129,0.6170619408788064,0.7095873673048967,0.1077656658713084,0.3537450831408851,0.4335587375229631,0.5555441737016414,0.19002830023736883
0.4695801601123166,0.2690652426230639,0.7715838640547455,0.8905175749361517,0.1697914012640777,0.6250058367771434,0.5746491069240536,0.8817860752107586
0.8484731707346569,0.2882402284085786,0.0159801817652438,0.2989245310279084,0.2708434703427487,0.61398840356438,0.0385827852123135,0.90808564478773
0.1987130452474728,0.7765250937329542,0.5709445228855654,0.048427528507343,0.7323828544423264,0.2847794862484303,0.248424246330199,0.05770383436905624
0.2169018845989382,0.2793449893692324,0.7223611225316752,0.0539198804153643,0.7405588363772743,0.9108990455836136,0.7678025189400903,0.17686072900903183
0.9225753470865043,0.1452025738475065,0.1653137784006239,0.6425894507460025,0.6688842138805945,0.2518314004314673,0.1200202495387506,0.9071278783010053
0.6264412092691516,0.7099200649305134,0.6934286156847237,0.6306648807681748,0.6044502597540761,0.7337465824336963,0.3179297525455119,0.6306648807681748
0.015035589759887,0.6706312557669234,0.7924589740867709,0.6478398400234793,0.5190980711369527,0.0540908947854711,0.0303014709354096,0.31853355298377606
0.7955733916410174,0.4667731510041878,0.2466787589451343,0.5355262961189793,0.3859836920568534,0.6549983653610829,0.1270222031491837,0.01786431697335844
0.5549522139848747,0.4382852405897491,0.3844469685864039,0.2907133478738252,0.6031841627131802,0.6296189768363993,0.6636904943639788,0.5853583455825883
0.3369002314846271,0.5764861706573561,0.1888620363050528,0.0062640416588582,0.1676830006172659,0.9221478289126328,0.4750940670592558,0.7558618835652686
0.2493768240204595,0.7762920465069424,0.6318234103918127,0.5604478664232815,0.280287610966876,0.8589844546773492,0.2070339063737992,0.14035350510112976
0.3828710250400678,0.1609315958902051,0.1268014430064978,0.0594484924516108,0.9621408286120208,0.4312842644272624,0.5454049245448043,0.7738100440963318
0.5185649363945576,0.5700732327595317,0.037814998697972,0.868149513225142,0.7944720514351394,0.0136616831827479,0.6415806821023183,0.4626574185901804
0.5728984612284916,0.464142992530017,0.5662278757084266,0.8942261472498322,0.6088826564892609,0.0294042154571582,0.7066867424987511,0.803285328124101
0.1111695680715629,0.1286265480942043,0.96240185735427,0.4728556949228163,0.1314455808072457,0.4051207075809576,0.1137503028626411,0.17012074004134226
0.7076155162242862,0.1233543766561923,0.6096182500735039,0.4970206421490553,0.7949294821657825,0.3231308311232892,0.0352699001616149,0.35905256912973316
0.5236173037092309,0.7509442713027319,0.8356042019761122,0.0038072024113852,0.8327716619179288,0.6062741898323923,0.9056031432592108,0.20269366596253857
0.0005093496245691,0.2352074516862647,0.564634858994829,0.3773093831056558,0.2727682366647881,0.1806791927915195,0.6821647789842782,0.7483608889717898
0.6901200234483764,0.5879139501158086,0.6994779964449351,0.7381672453007786,0.7145298777719059,0.054046505954807,0.2706008808740868,0.8210841859360664
0.5842574673584037,0.7910814515236496,0.7978069992096392,0.8099773088565808,0.9210987903316727,0.4109823902628834,0.8902070536781687,0.03935024472748794
0.2190378742173213,0.2799425819845348,0.3359417295257196,0.5078752977392658,0.2211605395883885,0.5902552033458682,0.7629613888183973,0.8574630854531226
0.3267624559758166,0.439842444519955,0.0890336223970669,0.6150818329944118,0.3325262628086373,0.5171710074125896,0.0109839504870767,0.19463691744138734
0.2408579312175741,0.1351541375708113,0.8494686984072723,0.8296661770601088,0.7791664697345162,0.324622021649666,0.1941273234307833,0.17372872692993224
0.7757604445375005,0.4152267936549269,0.4869005053271025,0.3676127882120928,0.2143894737205304,0.2268441131516922,0.549597437822526,0.11503252677861453
0.7662999207371246,0.6480729600717429,0.6861500058973605,0.2661768007279538,0.9693379852361812,0.9821061739899126,0.1464894084953146,0.39701792273429626
0.539758099426473,0.711052570083142,0.36247982088054,0.8627958881440324,0.7382041597474293,0.7866858766047032,0.5141521948196425,0.48770357385176044
0.6449717367806522,0.1975137901376572,0.5871889349287428,0.0759112163112679,0.4949558885384866,0.2011308562013671,0.0572435826026352,0.3955511658525114
0.5110140919943481,0.0109566064484535,0.0993091891955202,0.0148769073131489,0.00489811280829,0.9859567394802904,0.267582351417177,0.9471630360228364
0.6070680634761662,0.7513530027035925,0.5276880958372708,0.0047927311465479,0.1583775261325767,0.296224829963489,0.8945338870887273,0.87635064613693
0.5326013468456213,0.5604979783971651,0.2968982033408374,0.8399746326046309,0.0946672972715199,0.6151523295707485,0.1528743154996011,0.9735998770527522
0.5643698854741666,0.2465997408294385,0.7837441483922555,0.7768713764134206,0.0835869118416977,0.6014932422007272,0.2218200064237819,0.35930508457414245
0.5827190696528608,0.5659794590285273,0.830956963179886,0.0783857211181082,0.0954715399116757,0.6452294573326306,0.6224556842328373,0.7162293401372175
0.3872466557291057,0.8011480057988485,0.1185323017814831,0.0402051178937569,0.8541601498282541,0.5372560232147456,0.948946013373222,0.4042157073809275
0.3076193700719721,0.7590403226052206,0.2045261854285887,0.432540146318137,0.9521007503426688,0.1844929966679125,0.7650418113062427,0.7984978218835721
0.3876350068004462,0.3722153738942242,0.2698685949019958,0.1560630178305092,0.3764937297591075,0.5303206949223819,0.5058427813969564,0.3223144454287741
0.1247448695531079,0.9273713291741984,0.1677796315068712,0.7704759550286512,0.3506615422895394,0.5031195179168361,0.3141450279485795,0.7134398318340913
0.5003853323550005,0.1500820872468402,0.2905547717327723,0.9246491511764536,0.3613369089693737,0.7728012501542525,0.2674388582971531,0.1374142240106856
0.2682660321368908,0.8617528761884296,0.7594687177312521,0.866392294729002,0.0969312293360755,0.6046947346912368,0.9030631520721508,0.513903524671483
0.4058824745728236,0.3148313594879824,0.8576311081624176,0.4569451702678551,0.1322801116627643,0.5449330307017464,0.2262387442973176,0.16616856383655643
0.4732791434595712,0.8725464730467954,0.2475113887147625,0.9856713292542646,0.2771432032677469,0.2127411805110231,0.4642945276608656,0.11969426618936618
0.781928746762196,0.4916670080170207,0.0875012127155955,0.5620983840795035,0.8918140716820837,0.0571677866783273,0.8199579132294111,0.06798136632287699
0.1946780995039566,0.4401504311029622,0.7564681509029371,0.8870810719154394,0.2110051662529872,0.7569011273374736,0.8304148194403993,0.036279186722320556
0.044776581589303,0.3024595572410268,0.7482036962221097,0.2261420730106088,0.0288177376193627,0.9966659066077502,0.551376424391164,0.5159753788466803
0.2558914097476842,0.5570711486789534,0.3113460751370617,0.8364195571792232,0.7140854589020051,0.2998676260679275,0.0182880556283868,0.19146991489096354
0.625288900188533,0.2226666482991151,0.0678179336008505,0.1245500905377682,0.6449876621161097,0.1198598219057709,0.1384927550016639,0.2375965954485516
0.2852181846355275,0.2178089120767655,0.0464871757992284,0.4219722438452282,0.3476971485083266,0.7791538886166648,0.1132583267165777,0.3898791039743398
0.9028958994484202,0.068813808076229,0.0218552556538348,0.9168062904495444,0.024147416974373,0.3654583794138901,0.1861556697366639,0.7618191929161593
0.3570110216665916,0.4337141227119301,0.4306105632244846,0.0975923241297377,0.225163689926963,0.312470309696668,0.3826599567057719,0.7014317519333396
0.94124879402398,0.3523848456661808,0.2055359136397978,0.0001167123336334,0.6802633552155926,0.5472934187254547,0.0938583018961521,0.9678425336360712
0.7583991730204274,0.0566122002467079,0.7950956764959254,0.6759001554131,0.967033553453708,0.5117704020237952,0.4528556982602062,0.8946036728963241
0.7567007502094292,0.3494153919019382,0.4431114003267834,0.0154140207175781,0.6710133211554465,0.2146327166168053,0.8884494470755956,0.23543785245586168
0.3720854083359151,0.0313580355520408,0.8676555736208679,0.2264047576474838,0.3952250991186492,0.2771229904756398,0.3561589760132209,0.9441624685916642
0.946158834465896,0.275234415160335,0.0962207081343239,0.4915675919650427,0.4679910990394822,0.4740094765778883,0.7006979789543774,0.8001532178480439
0.910994858009077,0.0569283942317659,0.2823698836880719,0.2322338981068431,0.1130168434466838,0.4317493618557609,0.111425772358459,0.08308417969803994
0.3449431854994761,0.3040781793196413,0.9832420362526092,0.0643282269070096,0.3193947860625032,0.3067638411810781,0.768355412787877,0.6591026033229863
0.4433436919253913,0.5698421626044478,0.4614565978855512,0.1247698615875883,0.4275875988402463,0.0624950921958876,0.1811623102400079,0.30398561858065076
0.0642774736140961,0.6857943018769627,0.1000982478301572,0.4189196659210125,0.9264454914700496,0.3506542761809517,0.5311866537307245,0.35180797062403524
0.0666687276523962,0.7264806160776316,0.0178822218614405,0.890274019897624,0.1136340757533784,0.369364101728552,0.3415333090616882,0.6102663136271269
0.036789914894774,0.7693896362490736,0.2466774486243533,0.8019839205007211,0.558111507761774,0.1279011740982786,0.1783761654748638,0.9618506409040933
0.7952612881613889,0.6084441904371208,0.2290742234571895,0.3177780510792221,0.7231801972932884,0.0212337429139283,0.0555678907056882,0.061296705702741594
0.2488705643109784,0.5114559670566351,0.3171644901852231,0.9664223063697142,0.1984508490226968,0.8484006002184116,0.5573535094815518,0.7494282459198647
0.0252716988810098,0.7617543525655066,0.3481870539603849,0.6786553279133783,0.0359809676586418,0.1645920516127558,0.1899063870992815,0.3144006807516262
0.2672736416214151,0.3612709698108797,0.322032445511357,0.2520782764674232,0.6260743046965179,0.6265942909381662,0.3341352335547398,0.013620263223023787
0.6017279590878666,0.3985850872899175,0.9666904655214422,0.4813768665199092,0.1925274377571209,0.2764173633480481,0.4325930985144969,0.9241625138945889
0.0566175729244489,0.0552765898140173,0.3392540547594113,0.8475031076477928,0.1342387509303839,0.8430318300592388,0.8240655940006668,0.9348362341863917
0.6558055414521429,0.7208547249108417,0.8409123470393272,0.758906373256986,0.1180253503091972,0.1249574577224812,0.2826515907478772,0.023428321414055486
0.1457387452111602,0.9723955652456512,0.5228029778823021,0.942296372620214,0.9498008551392616,0.1059315518147192,0.6037176241755516,0.9167013096236986
0.2834612952270212,0.931685074216377,0.7935421289281671,0.1537555996127494,0.6871116786464408,0.4023984673515547,0.4586466010389535,0.09740374291757303
0.4213521157210768,0.6066138143616737,0.974214895725128,0.8707141220463109,0.9884200864399468,0.011680398607078,0.0093516908634591,0.04619454375054122
0.7426118806867025,0.2975534157973952,0.3490752058903205,0.0836028818850608,0.6101271083115023,0.150164978838686,0.6909834309083512,0.5001541502645588
0.1712481078646309,0.219905120199377,0.4430569332949879,0.8577527186928852,0.413500460894411,0.1097806217255297,0.2575492333537029,0.9138558524831323
0.2151909288384629,0.204708168254864,0.7911184000702688,0.3639001930838736,0.1033555372658845,0.0328927655239615,0.0678967042333714,0.3307522792833769
0.096671274807228,0.1469644975269899,0.093881306144292,0.1121685598003411,0.2475945179059141,0.5670083862233811,0.8851216235350093,0.9932865907859906
0.0150425844261421,0.5378237892574947,0.5534684361298428,0.8661724231955837,0.9070920147136784,0.3670746068479293,0.1977478488430061,0.4687175269426742
0.0114082293721514,0.7301552069533708,0.3148116766539531,0.4290142056686077,0.1578763607190806,0.4290707128086223,0.8902268013034882,0.5303530312095556
0.0289739730994017,0.3660990931632385,0.5548784445375489,0.1651894369511248,0.1100765078470179,0.9312845800859952,0.1779392453678056,0.7469015827212709
0.5307035999736069,0.4592139443415201,0.1527021507740377,0.2652206039903877,0.77060482810179,0.473897009289107,0.5750344636404414,0.9266657169781678
0.7874360910942455,0.0347387340532108,0.4600290129821669,0.8741798691766428,0.2790802081299295,0.7260978590594777,0.4433379142567304,0.11732397998006361
0.3569184814124722,0.0857803086188164,0.3364987272820291,0.8917353542119113,0.8953905365569044,0.4145103632515489,0.5680934075252023,0.6312578182446508
0.1112128679459562,0.0654094595349961,0.91014272921272,0.4606340923924,0.7706016926094487,0.0369623145079931,0.1956394758788917,0.7344696415871782
0.1559696705004906,0.392703825327538,0.4586224945290879,0.743132213040945,0.1353750796488759,0.6935805261438649,0.546660707546708,0.7825983567233937
0.3582871655737144,0.8640504581423807,0.8032196646568796,0.517876503283524,0.1336381820715436,0.9618785740891154,0.6236110158991306,0.09295059382573378
0.4264290560022243,0.9230418262905672,0.0660915604722401,0.4541143666579641,0.9275959431872506,0.4728719971547367,0.044314562163008,0.5642219232661441
0.2669070543173218,0.3038980271706899,0.2013177602579061,0.6388532638169134,0.9464892270695756,0.9147933831041088,0.4644281459568919,0.9259452342011487
0.0693525272176369,0.0580778426922072,0.6188753335721393,0.5584826393255938,0.0492725144650255,0.2948376834959598,0.3440599623783414,0.6172339722853906
0.0239214454346929,0.5222825639617206,0.1185402835620151,0.9252326723333372,0.63955818184439,0.2746654311912098,0.5879546934964783,0.8621195962080952
0.5049342032295886,0.0133870887947294,0.6356444390763394,0.0032602832061688,0.700540747146014,0.7570663309472815,0.5544809051920464,0.5557879988570669
0.6382192695591834,0.3576175868077434,0.4715132167955351,0.8198077202909799,0.9853284773660668,0.5363976344403726,0.8218128853016006,0.4497446225520739
0.7217550346254618,0.9713845856312704,0.6825894643061438,0.9680272536156744,0.379666980918816,0.3729155869539864,0.0738294290470221,0.14837113319669248
0.5219683671279168,0.9490724463647509,0.81216420717215,0.7693424082457225,0.3895191527328853,0.6085611436612206,0.3847054166505982,0.8158434329872156
0.3282988678844851,0.5622912203086808,0.6326803129890249,0.5354551956376262,0.2038224274340296,0.148709834668548,0.7443071140717549,0.1422310260092704
0.5301475865402242,0.0510636293634333,0.7556437977038806,0.1424995282448203,0.654699184279062,0.2339672992212439,0.4056835271834992,0.40926558424407633
0.6127547920614198,0.070340019822262,0.9708651249321176,0.4178481985277175,0.3108060681729739,0.8579373304719408,0.5602049594339731,0.24627369793420706
0.3570625126351854,0.8087824217941207,0.7243431393692717,0.2780881219636818,0.1090355339773124,0.3663009779876591,0.4448769550266549,0.05072809870625139
0.0999783247175413,0.0073055113933854,0.95536458563327,0.9851542767215884,0.6109091367243324,0.4154285532086639,0.5574877466362557,0.5746515125691322
0.1873316566121622,0.5535445538461196,0.736659249941913,0.6861108929873814,0.4213028529277922,0.5321920300002791,0.3762730330188371,0.6208327465524879
0.9734610927844533,0.1323748265795573,0.1424257040395089,0.6515414384861102,0.2946351250357318,0.5530877316998636,0.2629955802535443,0.4932960768897998
0.619384871886258,0.9143861162223352,0.9624629525770688,0.5873056504265636,0.6517706501582419,0.810498252247198,0.0778068197435896,0.8954577244138059
0.6504284987333951,0.1452861814067839,0.5512441700198238,0.1610103795060505,0.7076803373917397,0.249496530347642,0.6564352129910942,0.21756250046328107
0.4743278781201103,0.2830845201288589,0.9515007145600692,0.5403629917973979,0.2027598134329971,0.5714554460263706,0.7834305381123826,0.7234751471257376
0.2209823103234562,0.8942009147251998,0.90576672412621,0.8443268256294163,0.8173445528432612,0.6922852971193927,0.8914172526217445,0.057991113461407284
0.4123986153326219,0.0456690784152574,0.1152120675049956,0.4156436678783108,0.8355684914958986,0.2764808449652296,0.0508760987455079,0.6705006151300112
0.6386771224481931,0.2268795184679223,0.3858171633433949,0.2702770832017488,0.2533489417554767,0.3860019948853059,0.7079949514602145,0.14935128993839508
0.6577060779463276,0.1205606234743627,0.1096342713494815,0.050007177543313,0.522823738989747,0.6369002231777893,0.766146579600904,0.6577060779463276
0.4630279182201479,0.3942375797955223,0.1409935752844608,0.8910155322709539,0.8242016353364567,0.9264904448219684,0.4459627310576645,0.04797621270300512
0.1827107372116264,0.2608031426434952,0.7113716676662487,0.5881458897052854,0.8607902425909114,0.746492546723691,0.3576420924618717,0.0957787553209738
0.8129178935876625,0.8005211330934877,0.9786938189750454,0.6111842664265162,0.3330406047784279,0.8845655894233828,0.2785447441178199,0.5555031468030414
0.6951813883616078,0.6686086974842084,0.1089009292243747,0.5274976512035127,0.6663958080291342,0.2236265846549314,0.1522086326100031,0.9641108810872723
0.9692738978903824,0.4742224479014627,0.0736701014523347,0.0656621225773824,0.4890999439127548,0.7787112910586548,0.2783818380456514,0.9869031432630645
0.3659563258271751,0.419288576752551,0.9595321832363204,0.7829762253902582,0.2632681414231057,0.5786751998716133,0.3311099755831761,0.7621078935065188
0.0410870591961093,0.0370723235382007,0.3667856479629217,0.7307748714250712,0.027356289984655,0.5608456668191969,0.2618124972958612,0.2725104707896988
0.3500775164696196,0.9361765687368628,0.9006810246674306,0.6775568156611467,0.3422747917294164,0.99128638255158,0.055111215243089,0.03451573979614653
0.2489207989441558,0.8507862331030294,0.949497856967664,0.6873229612040904,0.2456095852794344,0.5707491310496454,0.6183299195582767,0.906279295899652
0.2587932716181808,0.1713887547116537,0.9045672017989852,0.2012957683186335,0.0217267954836684,0.1434107597292668,0.4698231267410617,0.7218375698136593
0.2628844001684499,0.0769738837936624,0.2929709191120251,0.4037834801618821,0.5666455566878987,0.0405481933615736,0.7970284073077907,0.35526035588937677
0.0024285750193718,0.0086983432373526,0.5019482154457202,0.8868708361082303,0.2466185013416093,0.2014685666390711,0.6093551955065111,0.7314421816042983
0.649151807809146,0.6765459104631186,0.0510901981917217,0.3541497373469445,0.001922469133734,0.9576730620277246,0.2176617782120588,0.8493217089507443
0.0342299585874019,0.8664624139829594,0.260493080805442,0.1855244093584576,0.962349725083835,0.1681766733542693,0.2381895621142188,0.31743069611091523
0.6814718593908401,0.199759833313772,0.4511822969525743,0.1268205014044637,0.3602881858709924,0.7271386674212061,0.1666715916809926,0.26493163271065523
0.5000820042525715,0.5389374968764201,0.6933673909436864,0.4141177015677065,0.81412171876623,0.4899435443776311,0.8401699531889167,0.030555126348148942
0.6636888861180883,0.5701140101432318,0.8942591828072863,0.406891663707014,0.5377174464848815,0.8054007311786807,0.0076193142139444,0.36078902548987024
0.3441769915833066,0.8009381914806958,0.9584938295926724,0.1407850741580294,0.8950697056758822,0.1189482998514966,0.094488034575475,0.3835387282065179
0.877142100512016,0.1589331449845326,0.3464974644728462,0.7270843667393898,0.2991069860381221,0.4546948509158494,0.8617599781195348,0.41742246237125114
0.6700085576614074,0.9966632366029236,0.7717007029250699,0.5901166649359355,0.1592285365387005,0.1003861664639156,0.0225086943454551,0.34918413315754093
0.8147124474710755,0.2282231708393848,0.8137140092836962,0.598538276987043,0.5571346735605864,0.9213180007135292,0.0331394454159735,0.5493654621382209
0.6112309879117805,0.0806375231443556,0.1028706093879244,0.1240051940714951,0.3685170877300954,0.5277691680034219,0.1920599955849243,0.6000070115541848
0.6120994634602911,0.1847019148542403,0.8872033471508088,0.6896809647204823,0.8879569739755044,0.2894554812757198,0.4203220540403404,0.28945548127571985
0.1240781567996942,0.5862406785656239,0.928896346786928,0.65201392535682,0.5332323904328653,0.3363482851497211,0.1758905790075476,0.5942094812416183
0.658823042435389,0.0347474762887586,0.8366956113981282,0.4481644952165653,0.8172848034694455,0.8221364449704358,0.1523642747338506,0.9847962289981799
0.0117716089421499,0.109078875497566,0.6521552640808261,0.3458194262785707,0.3571434180137146,0.962277976809124,0.9914380995932888,0.44892938699323115
0.5101134880180842,0.8958650311351253,0.9410132668189012,0.3120734141316935,0.2273699011058958,0.7697835578457156,0.3959850940297372,0.275517890141745
0.7423808180609563,0.4128320578801945,0.2921655298675205,0.9430560044159608,0.9520910857128398,0.8850639646317068,0.3833334027378702,0.06577983869311321
0.2587842647771674,0.5320813600606777,0.5875339232463938,0.7341137104054861,0.0401528004037552,0.7287465807324475,0.6447359212053947,0.9802872562283289
0.5917066356352968,0.5244542448435504,0.2742873481914656,0.384206314109946,0.0381377964316099,0.038372294698216,0.0063660157066116,0.5967157331848754
0.1581396817984525,0.4551133649951607,0.3949112757946832,0.7065748736474107,0.1664616200023796,0.1368117509000194,0.1314133473354751,0.8649142826599128
0.6063280065769462,0.1590682930627822,0.4922715065387788,0.9241270419480432,0.1048117637284353,0.004541109969622,0.3257118143069744,0.5297419764914215
0.2071362275284662,0.8969551512188187,0.4466209816840357,0.5517378833781481,0.0944299103138128,0.4050192345078767,0.8777765479115869,0.8034021896777686
0.7823814934822562,0.920598940974527,0.4761197185216369,0.8354622098950152,0.9874929286992336,0.7480475790991399,0.9665252172609896,0.4808815200904568
0.0482081828342211,0.6901205383173226,0.0771478548578854,0.7857033648471371,0.7265465467912496,0.215425778307605,0.2109388979333648,0.11812298034774305
0.0822870019054542,0.9143612241499116,0.0469515468199975,0.1774003362292661,0.6362096123439394,0.816458750657688,0.4884888726289166,0.8580555383198338
0.0457924595682145,0.3277374539221099,0.130507268058299,0.2611328678748122,0.0776245185688641,0.9650457044889522,0.5036803873194148,0.8380523979292847
0.7730945696786783,0.7805098236941552,0.6904197405062458,0.2078951390303818,0.1988853855571368,0.1685464142205113,0.8794416091880188,0.5187268953012817
0.1136341909038952,0.0054762895962022,0.1670288514389118,0.2298911291731497,0.8298639247447899,0.1999303200087224,0.8368744646700886,0.04424388837542681
0.3381482793645985,0.9541882308519324,0.3846254552833991,0.1690504608903712,0.9070832680971423,0.6570497044773482,0.2051221850978447,0.4228750847960162
0.3154576729769733,0.4098090750755367,0.0929361902380095,0.645208161534621,0.0332172497370594,0.4423034243486395,0.5943094133681353,0.4824527432388087
0.7646335922868297,0.4717728558583435,0.0713295774466223,0.7890430856304832,0.0427106900162159,0.3359591044918179,0.4748113124309616,0.22898397652211522
0.1742129035582701,0.1881920882996122,0.0806370085836785,0.9072988545002578,0.0103743797390365,0.165457370786067,0.9183602386342722,0.7891563941920104
0.6248691509628755,0.131108242293511,0.7297872597835721,0.6173621245682505,0.9370934172260752,0.3314141465114343,0.2033514558060506,0.6384012534636185
0.1900495710111402,0.4974204379635515,0.5907142570470618,0.2519657449760681,0.1286468902858227,0.226562290456974,0.012978704232711,0.06860470170545352
0.9757774526918898,0.5788378105044093,0.9790086921518618,0.9807950124368378,0.2034670659276077,0.6408754333050616,0.7354632626474953,0.3760502842001684
0.7775615345184836,0.9561787869440652,0.0570098684791769,0.2496252758220754,0.8689597366954941,0.2857621879334064,0.7181655176079378,0.8637948028101163
0.1807577237026888,0.8647271678628162,0.2963757658844389,0.3912897094937393,0.0770718248750452,0.7170638255809397,0.4205823984638345,0.17386825171161624
0.4868910812767367,0.8865944625106239,0.1432027575163927,0.4659132995345791,0.1265169589568183,0.3920557064661554,0.8036054958347185,0.8180048501859513
0.6396879434079162,0.2122541556515602,0.6757857634474508,0.7597722951270693,0.245356344186569,0.4602786191906582,0.9722583119642956,0.5259212884606965
0.7046297684193454,0.5853210070835462,0.5143216224413797,0.5387263429844964,0.1470974052348318,0.9362197667136586,0.033046474452307,0.7745384149953473
0.081032323437987,0.9477624491004668,0.2104388609491507,0.0407675908216103,0.2380242539382041,0.1090113855827196,0.7516248242672097,0.568701848360115
0.2884027309768211,0.5441437568224456,0.745716643223815,0.55684948903546,0.6428769571645017,0.2152611409111396,0.1108001189041877,0.9513848103397176
0.6936174725340173,0.9192137600029788,0.9932401029742473,0.1071529252896907,0.8130831486698931,0.638276663412673,0.080349445898993,0.9527387282716251
0.6928952355327788,0.2147064452513621,0.9187136053294016,0.45418956352063,0.2967093516324675,0.9003897309250534,0.315931667989676,0.8066822662028094
0.1518264223214165,0.6528711758386712,0.6004406388796588,0.0467296281781232,0.5558954912094063,0.588498203884225,0.4959866044128068,0.9756357034213876
0.1882423592596301,0.7971110591748638,0.2064799591876316,0.1179922929927491,0.613914004726071,0.7521441418018636,0.0065963192546509,0.48016153469054457
0.3150794472331503,0.2699467030497783,0.9395357645656048,0.7775445803570168,0.5794478200200017,0.2602886899048005,0.0382420368567461,0.8920104235583894
0.6822659665107664,0.4650682833364671,0.688860387575785,0.6836531736484587,0.4283352137597225,0.2684499371816721,0.9971077837457744,0.18986624406592845
0.1069301851646027,0.1458818876469135,0.5575311419874246,0.2602902244012745,0.5159952871932626,0.0597491398629682,0.0597491398629682,0.41035096088685286
0.5321670246953505,0.775257994115895,0.1628122426491779,0.6899973694319778,0.3058888374259016,0.2268824895490895,0.4824951697805284,0.5325315579276174
0.5095549230861162,0.2622566357474442,0.2835781858730193,0.0036359684071578,0.6112711637131678,0.247657732823842,0.6635873817322067,0.1457927634196423
0.3212198797975056,0.5882521269195257,0.6716600292145716,0.3162828768339113,0.5742833543508832,0.5874858414461751,0.9950451797828948,0.3285076284105942
0.8155986679846243,0.8223537229556377,0.1220292554942517,0.8137757373071659,0.910091919751233,0.24787027257126,0.4976314986344776,0.15310693475964332
0.8703960395842477,0.1938206065671874,0.2619884235969993,0.6661540833953291,0.0724141823606355,0.2252192397941428,0.0500098546246039,0.2997334285431533
0.8974129124207247,0.0606509512638488,0.0679720490723403,0.4279466933889629,0.774962275120958,0.2926246520520618,0.2185149986440112,0.3734818994997371
0.0308633960549253,0.7743411297368439,0.5582807253256689,0.7460743880009129,0.7567186875453817,0.9413907008142236,0.6443869796784207,0.7781754592155377
0.9848063336736916,0.1172356464908807,0.4268830324824961,0.394484484434326,0.2503170439278271,0.0276827612367078,0.2925374142701867,0.9955074202531943
0.9938767219633494,0.4182960586986693,0.0104687734118598,0.1140031063030663,0.1140031063030663,0.7295474207864575,0.7082852609797123,0.32390030085356125
0.4115252840998763,0.7754161669460097,0.702178676865669,0.0519441886913398,0.900071458419415,0.4335029413463444,0.4115252840998763,0.9333408348750118
0.5670315302245985,0.0584764876872956,0.0020003006084317,0.6349233082423312,0.0914106226262422,0.2276210102375875,0.3017144749836249,0.8529545857643303
0.958984834109946,0.3933703653471219,0.0407163355049365,0.3338312773829391,0.5093024906964587,0.9036529696778716,0.0287986706765692,0.8400101619567237
0.916680603607846,0.2569231097547435,0.8305131819103273,0.8908515067275692,0.9910823346704812,0.9130328309162108,0.5841480561820968,0.5468530457381008
0.4464450222410369,0.0345633998942297,0.0800880550094755,0.7282390855691453,0.1470753192171141,0.6578571827087492,0.4405556889588465,0.9240525557079665
0.9729318057066936,0.0588682324518957,0.6706220574569177,0.4427763932635127,0.8960527345468715,0.0096910441194413,0.1515248809808433,0.41344554541479284
0.8831967070346223,0.5450176796418926,0.916290565660842,0.1138882172081312,0.7671158025166518,0.1445275230116464,0.2329438228744789,0.49261263356911544
0.1495365900107751,0.9400078680822,0.9456881541174024,0.9327776581848392,0.0094711767690011,0.282886649506705,0.8142280457747036,0.6700368945189886
0.469676537149727,0.655289165578013,0.6445699585449739,0.1888693063288652,0.0595290397751693,0.8860321098306028,0.886383471330873,0.8306767762685385
0.2035215293864236,0.0449816305971358,0.6438429192533263,0.963757298612249,0.7510767307192283,0.8495415164405022,0.6762178651972599,0.5255341071517213
0.4165490253644348,0.2066187411968073,0.1655377784341163,0.6412546728337506,0.0926796126005968,0.4550623413106044,0.5489105281816656,0.8754846198695123
0.1644089301113543,0.3367479307504974,0.2732244768012019,0.6423097126822206,0.6627673124420659,0.777653701432673,0.1078388438269379,0.8652934486690996
0.0150704153436739,0.338344584170406,0.7647201943597509,0.5958444450626521,0.3202459324722949,0.1282011818487854,0.7933272741982987,0.9721048828130308
0.1983633944866502,0.852979928341506,0.4725323632087085,0.5354680252007027,0.0917538334411914,0.2143902536752276,0.5239233879509045,0.9255927993641754
0.9828851003236986,0.2946580387989471,0.69371301109218,0.2122972968474038,0.2598555088479398,0.3214297048035796,0.1679248513963815,0.21676858505049013
0.9646069734562976,0.444658518000793,0.6128770608100739,0.382962494886918,0.1161663788907988,0.2323024866523237,0.9029506786776628,0.9037512998777899
0.7575343781461187,0.7695247913669638,0.3161947187229548,0.8353277458037464,0.4467031683312562,0.92326291761406,0.5890999817654805,0.6552970250767853
0.8706570087786105,0.3116100391172262,0.0776519239886852,0.7054096305259647,0.3583299615694241,0.7144045047340135,0.9704670900976772,0.6345970856388722
0.8496793080416396,0.0210787688205016,0.9232612195606376,0.037116258767793,0.1701024027994085,0.6324473866739604,0.026171712965388,0.1870605541732877
0.7233170427465053,0.132730526053451,0.7829811800638247,0.6041237879325194,0.6579164745891031,0.7869135118693422,0.4544986559078541,0.23476387399483412
0.8464511641733148,0.5827493904905716,0.6652806985879971,0.5980652032270656,0.9150896599680212,0.3003853777593255,0.0699499944299063,0.353247002876413
0.7426513174697517,0.1741468295934125,0.8635862884194431,0.4609235422613299,0.7092823413741177,0.6835326544510273,0.5714352293406196,0.438751219104871
,,0.0944642061576213,,,,0.9804834265248772,
,,0.2061397684556613,,,,0.3526582013195792,
,,0.4458155637999689,,,,0.5212322609014193,
,,0.7554641687876752,,,,0.0399693457919739,
,,0.9678599001194402,,,,0.0637329879875225,
,,0.3263469602234796,,,,0.5305907388875388,
,,0.923985066862996,,,,0.3664963824148018,
,,0.8549621001813307,,,,0.4065240040240745,
,,0.3053824546431452,,,,0.1523433104652893,
,,0.8530439299123094,,,,0.4252182897883582,
,,0.0673795542892697,,,,0.236678740881257,
,,0.4819384026182879,,,,0.2395251340039552,
,,0.5033423106223806,,,,0.524321907889558,
,,0.2624744102424112,,,,0.3403809836329423,
,,0.1918874179542562,,,,0.4638718777214869,
,,0.2908980318507054,,,,0.7915174140579802,
,,0.378103014778856,,,,0.3442605459006453,
,,0.7119460563536575,,,,0.6050757608171632,
,,0.0149137957111208,,,,0.4666228292752029,
,,0.1628920990860873,,,,0.7176711005025483,
,,0.4119058316011263,,,,0.4569633216525041,
,,0.8794835234293169,,,,0.0597129754418688,
,,0.0243787978132244,,,,0.2647613721551731,
,,0.0084048609498893,,,,0.0925294891076469,
,,0.1571964126195901,,,,0.7184042861823343,
,,0.1025569866512562,,,,0.2864132175894902,
,,0.0388744388287363,,,,0.9807854929289364,
,,0.0456496883749646,,,,0.1859578253465305,
,,0.1234927365699387,,,,0.0976467902892515,
,,0.2653697703854273,,,,0.3417149317667005,
,,0.0617005337956603,,,,0.2318321549135689,
,,0.314799191204395,,,,0.5328340834682846,
,,0.5325532277395542,,,,0.8388164523247701,
,,0.0346461477940241,,,,0.3782616071483264,
,,0.8177019525120212,,,,0.4261848149443712,
,,0.6215519303114768,,,,0.6885428863187186,
,,0.2125232826779266,,,,0.5497570934073654,
,,0.8559250224995867,,,,0.0901154712286672,
,,0.683136422465572,,,,0.2529084585332917,
,,0.4383316278350313,,,,0.6000960154700811,
,,0.8083901904598286,,,,0.2721567025959244,
,,0.9159854690588144,,,,0.1176115764223693,
,,0.8124116419952351,,,,0.4496008793082335,
,,0.061354512121355,,,,0.2821311156543784,
,,0.7062020874746952,,,,0.0981645674817354,
,,0.7172120180491487,,,,0.3859521398432546,
,,0.9214051706905128,,,,0.4214988970326436,
,,0.1228763488198119,,,,0.2727067988401357,
,,0.8387009702875095,,,,0.090148116091224,
,,0.2418573294874786,,,,0.4411186893025572,
,,0.922867065070267,,,,0.3922431043669613,
,,0.8487254067195199,,,,0.9635750494373336,
,,0.5760377412384111,,,,0.5528109374389495,
,,0.6503891946323743,,,,0.3717267029664856,
,,0.0725832760596871,,,,0.6094735600522229,
,,0.023530866801707,,,,0.9802588902428252,
,,0.8553202670359723,,,,0.8553202670359723,
,,0.0902240239737938,,,,0.5337112678554383,
,,0.9780264391347996,,,,0.6366560384192799,
,,0.7566211450068371,,,,0.7078099699553287,
,,0.2094381964677031,,,,0.3228776778958888,
,,0.4639389810100655,,,,0.0320188106279778,
,,0.5911110284468377,,,,0.5773628465118349,
,,0.7922057938160127,,,,0.3380942850102051,
