beans_resnet18_imagenet_15,beans_resnet18_imagenet_2,brain_tumor_resnet18_imagenet,brain_tumor_resnet18_imagenet.1,brain_tumor_resnet18_imagenet_random,beans_resnet18_imagenet,beans_resnet18_imagenet_random
0.874101655758334,0.118449255432125,0.513039706145003,0.1737507708766555,0.0,0.975439264876722,0.0
0.655618148687643,0.541109370338356,0.210133961358774,0.6434333987585292,2.0,0.9352712690221392,2.0
0.334883730424627,0.0069676499285291,0.714307252760636,0.9926707243533504,4.0,0.2888921051335458,4.0
0.461982510389446,0.631200352492097,0.0154902618464835,0.670578533471036,5.0,0.1289596799919088,5.0
0.276504406431242,0.695034291118851,0.863109290731459,0.6413978546082136,6.0,0.9160152649588428,6.0
0.282992991262972,0.688148453653876,0.296995328194427,0.6159228152954814,7.0,0.783707291310072,7.0
0.944839531677471,0.289502144190464,0.980457133055126,0.824259519421577,10.0,0.5475655892127553,10.0
0.989016071489268,0.0400760287942144,0.419070740261295,0.9019771437878588,11.0,0.0596659168694795,11.0
0.932621618969588,0.147108950553116,0.701357843388483,0.4084745303035165,14.0,0.4898487964726949,14.0
0.937260316413841,0.466943860409236,0.0330044206865118,0.1048138748495777,15.0,0.6983958155700847,15.0
0.894800000162527,0.705231624355397,0.376629090948375,0.7634492878470036,16.0,0.8476879931264004,16.0
0.554032124534936,0.153795565400817,0.272468557287063,0.4706493079101272,17.0,0.3327862773696215,17.0
0.825521802237789,0.0887774232758726,0.933698889900263,0.0486004768174166,19.0,0.0688845555265333,18.0
0.275792955326317,0.440650373027269,0.310790050949625,0.6754794816896421,20.0,0.3505767519634692,19.0
0.483682980151544,0.49531324481094,0.211582165405626,0.2320961065240421,23.0,0.9424332717217018,20.0
0.828985561644648,0.231955688951626,0.811484579351647,0.446921200351985,27.0,0.1777511660457547,23.0
0.300521938580627,0.746161894038999,0.420351795196196,0.5119087867441479,28.0,0.6376228047993218,27.0
0.214307901483201,0.692494786860697,0.33749150089646,0.3019631711123318,29.0,0.7358494985693371,28.0
0.977470012273953,0.637468349739718,0.0816590944223585,0.8941849281161321,30.0,0.327334540394343,29.0
0.406018930009732,0.645460819694319,0.729782897850902,0.2666946613981331,33.0,0.6379361594202458,30.0
0.537331738047979,0.362732130955642,0.635343742353493,0.1575092786159889,34.0,0.7571797547638657,32.0
0.70297921161023,0.26085996143311,0.307707179764365,0.3191494350030263,35.0,0.7104154869151683,33.0
0.187093077906447,0.881782200376278,0.373497983094644,0.2651558959433711,36.0,0.4148854782617042,34.0
0.0925294891076469,0.788398674320866,0.9291284481966,0.8656400188708083,37.0,0.0925294891076469,35.0
0.50596321187597,0.3424362403237,0.835553821075741,0.9486417841683376,38.0,0.402693633587191,36.0
0.724393628034322,0.204108045361409,0.627471885584359,0.4653886633359949,41.0,0.672094109598877,37.0
0.146899434179213,0.364324646067737,0.443236772702182,0.6980300822333325,42.0,0.4915959963453102,38.0
0.050606025964348,0.211421124329919,0.384968628851718,0.163731592434234,43.0,0.3647915860258823,40.0
0.167504939687435,0.0391635742982422,0.623168516276593,0.379199124387953,44.0,0.9168141799178872,41.0
0.259509227168084,0.640066957103669,0.52809147596951,0.9351829454206106,45.0,0.4530766136110016,42.0
0.0694360068780284,0.776710213002142,0.975230027176316,0.676507574518172,48.0,0.6819648006853725,43.0
0.719671977984061,0.669144147523002,0.399234644631965,0.6298897555794519,49.0,0.0551366771924535,44.0
0.428706929746661,0.132223940656533,0.987784068788112,0.5073812962464703,50.0,0.4569539561792041,45.0
0.113089560138441,0.0279035330227104,0.622177742206995,0.980904170384268,51.0,0.8666377909230267,48.0
0.438752550247038,0.171403801666757,0.0438430986177979,0.7567770910287605,52.0,0.5736915033634449,49.0
0.219839201733419,0.401765621745932,0.577585276498856,0.0720576703687302,56.0,0.82527956560033,50.0
0.248075149531144,0.806155589679337,0.650928602773198,0.820599901721919,58.0,0.9831164279331088,51.0
0.13004335575621,0.904866780910753,0.559076290627012,0.99724451827032,59.0,0.6227923313869319,52.0
0.132581011230109,0.629100802500276,0.576810077086073,0.0631830791547152,60.0,0.7622699713441179,56.0
0.256320809279747,0.520336196077406,0.48605525868329,0.1176653598467646,62.0,0.9297215850671254,58.0
0.837236486157329,0.0819831421347561,0.70828616157723,0.0527059554853535,63.0,0.0875704639425063,59.0
0.142024423661142,0.626546112173061,0.0847638027548449,0.7288917779389558,64.0,0.1420244236611423,60.0
0.368312424549084,0.02270655010939,0.0075989894617094,0.761062252500403,65.0,0.8206926664045541,62.0
0.597579139511818,0.677747592118981,0.690790727704877,0.6450383295019709,66.0,0.4225802408732146,63.0
0.0892095992190211,0.837742233036921,0.851125721993984,0.0471658939064056,68.0,0.6201794564134503,64.0
0.69016721364441,0.97081407825284,0.836078627996014,0.4126688310897094,69.0,0.8966430087294011,65.0
0.411457007638393,0.780288993374882,0.370173614122878,0.2854060910677027,71.0,0.5771830189993219,66.0
0.291807438424562,0.707963559386317,0.907485045641821,0.9749754431689278,74.0,0.4579371444323706,68.0
0.122543901154271,0.0783132701454312,0.790502101897269,0.4797028666335965,75.0,0.914951691672306,69.0
0.740872729472831,0.108694061851723,0.50347472382459,0.8490095295886076,76.0,0.0790552028722669,71.0
0.302081990108822,0.795882019900935,0.10710840197666,0.0096712776092274,77.0,0.5203270187865695,73.0
0.227535380073908,0.941901702251842,0.888113229291517,0.5147922456003008,78.0,0.9843897646331476,74.0
0.182256554555839,0.99292676542211,0.000873548301996,0.269991855319747,79.0,0.5096260597847863,75.0
0.978775659444099,0.261527141900146,0.607841467266113,0.4862258022765657,81.0,0.0225596428127706,76.0
0.316259624548081,0.683341393582369,0.495710398173736,0.1571896359119186,82.0,0.4027927476983045,77.0
0.305819835169273,0.217547198835123,0.198641604262555,0.6628307946361328,83.0,0.4277164585963228,78.0
0.498768714677711,0.262738821305395,0.723265301611455,0.0693764837553708,84.0,0.1142918746236479,79.0
0.197528616422112,0.198724635220001,0.329484717051243,0.2931459230567287,86.0,0.950489494031498,81.0
0.898366967527328,0.37003846366895,0.0934644104245841,0.3999462624434924,87.0,0.3749945365834619,82.0
0.271673526374566,0.883119048261092,0.759600293935987,0.9257186156496005,88.0,0.4579921304886996,83.0
0.497148225533682,0.30381597809946,0.527798099862739,0.4084139282363979,89.0,0.3918113877168833,84.0
0.573640500551585,0.299952145920396,0.699429416644903,0.0049423313852674,90.0,0.419750112931555,86.0
0.118467159243731,0.704490616257784,0.397974222908623,0.1144425453037926,91.0,0.8656620846529445,87.0
0.844160109930828,0.477548114155235,0.724064659736214,0.2718869994361754,92.0,0.4775171913748154,88.0
0.364693267337771,0.751248874308873,0.983908195962406,0.8309432903956052,96.0,0.6803918799963558,89.0
0.642994526889611,0.0742323716514425,0.984647501914886,0.4362651373755668,97.0,0.1063908172978372,90.0
0.937427750175884,0.0101496872364243,0.671206959584992,0.9683160488380588,98.0,0.267702460389116,91.0
0.998094628461215,0.938640230886475,0.0461879292496167,0.0718289386569785,99.0,0.1381758659207123,92.0
0.126634076318246,0.0286834076646865,0.460323087327615,0.1732632305820006,101.0,0.5556022092239472,94.0
0.83079890000687,0.2030639720535,0.193512985327602,0.1638084216711319,102.0,0.7896772774137296,96.0
0.472186302979345,0.0551202160182358,0.560311819982946,0.2948627145346223,103.0,0.2872150507625711,97.0
0.459438628376677,0.307061839051052,0.101618145310971,0.6894945196069091,106.0,0.6992438313916872,98.0
0.214521181641267,0.814308361548523,0.394417997438724,0.9953248066870344,108.0,0.1211487142733829,99.0
0.795453458327822,0.768655762886532,0.622580741066658,0.7995154334387263,109.0,0.8012223210394155,101.0
0.357337559864034,0.538068732847571,0.0828950921351579,0.4529960281193701,110.0,0.907529041318792,102.0
0.178213391572053,0.628750246349215,0.705488602651856,0.8037199029237092,114.0,0.8658778830578956,103.0
0.842009864999727,0.58991203964889,0.345504056069699,0.235222930941179,116.0,0.6852599876412563,106.0
0.771544071226753,0.355094477552514,0.948500534949559,0.6580620182512943,117.0,0.8874051676462109,108.0
0.754777363614798,0.49692493912722,0.79848685993533,0.1055850743782452,119.0,0.0411851327158363,109.0
0.571158084424043,0.06673328731808,0.0699579328848495,0.8304123871347917,120.0,0.3811298246096286,110.0
0.838431414295858,0.248447742292808,0.624911358586348,0.6193174627501802,122.0,0.7560799365255992,114.0
0.185113807694818,0.480913835729373,0.315756682196951,0.490728170297778,124.0,0.0482134706962456,115.0
0.23837924577409,0.964799918092905,0.288754849364748,0.4614152019294364,126.0,0.7360359308869473,116.0
0.229780454339512,0.532104130325997,0.972244728455777,0.6364719620104483,127.0,0.7008142497314739,117.0
0.877125818628947,0.408265966244584,0.532604828729562,0.2850927836302326,130.0,0.8969450208912331,119.0
0.51335706060806,0.608382341098211,0.98382454130772,0.5175975486225741,132.0,0.4032858200320397,120.0
0.483826291705846,0.204822241825062,0.127333723272838,0.0325801487609123,133.0,0.1956592147659668,122.0
0.775198793547955,0.200592239371151,0.321875143524731,0.1162813371804032,139.0,0.9723201720698552,124.0
0.855195708260632,0.260234710452012,0.933082169005057,0.9262283374351116,140.0,0.1550231539780794,126.0
0.48959479115557,0.53889904990363,0.38730942708901,0.4999053219467249,142.0,0.8681078708307504,127.0
0.155063002508204,0.117266768858442,0.9359932438566,0.1620903215989466,143.0,0.0884846622396193,128.0
0.842224845369103,0.141340434065095,0.722958504854277,0.3746520551386165,144.0,0.5392810003750754,130.0
0.215815210195293,0.491522839881206,0.439565641744856,0.8219749079833212,145.0,0.5238268189152205,131.0
0.893967069578782,0.0991147921662486,0.151117255940629,0.2704170956658416,149.0,0.9162752190691884,132.0
0.554209568558187,0.0230503740929294,0.908263768863004,0.3038920788702669,151.0,0.0450076927188288,133.0
0.670790698035623,0.147578151203606,0.878812594309744,0.382613309758402,153.0,0.6961138772050451,137.0
0.0920826960586532,0.821100666044253,0.904539387505814,0.9389703909408206,154.0,0.696708297056285,139.0
0.618280660247289,0.807137589881681,0.14073003563654,0.9288330109385644,155.0,0.4121575900501298,140.0
0.302488335665519,0.462113012832196,0.410069471884695,0.825499881662435,156.0,0.1990104981198091,142.0
0.32873913082621,0.375407218930878,0.904334631705624,0.4248158910893379,159.0,0.1961971763217597,143.0
0.973898730629825,0.153003663877278,0.0353414854556683,0.2915371545678249,160.0,0.4920481420912475,144.0
0.905977466252186,0.15660148788023,0.247613942331259,0.0672409979801804,161.0,0.9423983846460848,145.0
0.0617570753316284,0.761996542709101,0.25649965993095,0.6098333691625325,162.0,0.062513662722386,149.0
0.299449340338738,0.704589530065879,0.491410972423177,0.5388031000365113,164.0,0.7601632588263821,151.0
0.134166938534505,0.261510125558225,0.267957096049461,0.1101147431445144,166.0,0.4530421247930309,152.0
0.252866657859754,0.263098066279456,0.624777957614781,0.4024893253051756,167.0,0.3955970564092689,153.0
0.770985323498658,0.750269819876444,0.757795313769239,0.1984883136353377,170.0,0.2190711191648494,154.0
0.621528126726165,0.89785008916552,0.37575432729771,0.7684627736691001,171.0,0.2572512005809344,155.0
0.718962581709717,0.165594715382657,0.316472989455036,0.3471433467931226,172.0,0.2576623477113411,156.0
0.744582952725743,0.353937184229696,0.720093220308901,0.1093106638986727,174.0,0.2770414711170821,159.0
0.253379588674443,0.411857542424793,0.0754230691365854,0.865841919763442,175.0,0.6733228728765075,160.0
0.267331983307929,0.011008762428611,0.646722550323388,0.4520440226099238,176.0,0.3985245699370672,161.0
0.394045094726681,0.135242391448366,0.462955695252033,0.6622940786898982,177.0,0.3940450947266807,162.0
0.285104029360604,0.801901742945069,0.100145627742437,0.0070378190691269,178.0,0.7713209571046856,164.0
0.923476093035115,0.712951848236122,0.929857152426203,0.7227194065941231,179.0,0.6025355046969382,166.0
0.525439772826045,0.864982380429347,0.553101508901063,0.8691574820761229,180.0,0.7209642554459923,167.0
0.3376603963143,0.924715694394823,0.196961227514338,0.2715787468662607,181.0,0.7723273341496545,170.0
0.723584368611406,0.0731084737542413,0.376753729627212,0.9946975213428194,182.0,0.7729870036527594,171.0
0.53065128315959,0.3034253680416,0.603341404866741,0.4528488437038481,184.0,0.2730147193996921,172.0
0.28022496951438,0.215101071830161,0.905567223576585,0.154241985936897,185.0,0.0197466859354036,174.0
0.605867059416944,0.492014303327261,0.751753905715055,0.8113159650837121,187.0,0.1329708485447093,175.0
0.647270884102253,0.65095377651628,0.421154335470046,0.652956566943119,189.0,0.8252110218836269,176.0
0.314057293375945,0.418830728533768,0.0640199355683684,0.3136954519319955,190.0,0.5054915365309,177.0
0.203409671882821,0.536450537432912,0.799416824089224,0.4499722781146416,191.0,0.9735427496522916,178.0
0.526267608086247,0.977730089080796,0.195157434584524,0.4655193919178161,192.0,0.281948038653614,179.0
0.864637335912645,0.900846389304375,0.451674799173458,0.694720550158407,193.0,0.0681203847692185,180.0
0.30138465287885,0.105188951954783,0.234099619313064,0.9101803324187666,194.0,0.6624032630352411,181.0
0.172505601761802,0.155519719024208,0.398615475827197,0.1765761641718961,195.0,0.5522879436696387,182.0
0.0683312221517111,0.498378783617535,0.589371326131705,0.8653251026068456,196.0,0.7220753355193731,184.0
0.703040495292776,0.103402475355655,0.214980532583257,0.8445922628173472,197.0,0.7030404952927755,185.0
0.111544487530897,0.410715333072958,0.455824899304192,0.6734534723910439,198.0,0.9390908434716168,187.0
0.167139428020765,0.488216296851681,0.252659034526403,0.9767731395042052,199.0,0.3133294851218194,189.0
0.307170600756852,0.370264168067371,0.0606130082718062,0.7319699555016969,201.0,0.8030996014957997,190.0
0.450358838444986,0.0376299540951045,0.610967644826683,0.249498206428037,202.0,0.3857914161583186,191.0
0.582632241818555,0.276469797044733,0.30042378573071,0.3356086363070604,205.0,0.3418938581615118,192.0
0.457867026483467,0.673872104682641,0.863556542219351,0.2695762089481911,206.0,0.3794013974480259,193.0
0.936008861469736,0.374977657007182,0.975932806395367,0.8062374541259704,207.0,0.7640419863109728,194.0
0.258036883575225,0.89844641790817,0.169981883206636,0.6887140024872473,208.0,0.9135265896168996,195.0
0.445516574458605,0.389697016590838,0.261610512967157,0.4174260750597705,210.0,0.2160820459146385,196.0
0.0822914098782291,0.0382818387133342,0.458836607832046,0.1378297821147753,211.0,0.725620376591212,197.0
0.4341542965433,0.363276352709527,0.550601185384729,0.0628431090474057,214.0,0.2869887504059446,198.0
0.924073587441651,0.140294892405393,0.744846035332942,0.9161592842214088,215.0,0.404382792295574,199.0
0.939481924208454,0.142256870271274,0.617971890187048,0.9033318857228144,217.0,0.8550234361970858,201.0
0.0890811135529571,0.629118651733079,0.801356763721483,0.5488542098570107,218.0,0.4650156109923574,202.0
0.512465893371121,0.844705473950495,0.922862905822145,0.9739987077874184,219.0,0.0088172649639414,205.0
0.191539129160576,0.428676406149864,0.817242108116515,0.7250233208712943,220.0,0.5967210322413896,206.0
0.638851010931854,0.229256927328969,0.787718647709383,0.6887747137350794,221.0,0.8120366202175181,207.0
0.571017966915941,0.21096932148605,0.568227524554118,0.1087066211827668,223.0,0.863903115494114,208.0
0.52892563495496,0.548718921172632,0.502143256342005,0.8201908887969367,224.0,0.3536788974267657,209.0
0.0831338110113867,0.0948869056792835,0.369685281879403,0.6841087626738392,226.0,0.0947591625886582,210.0
0.489065884617861,0.886605351294882,0.542703003331615,0.6809922484421533,230.0,0.1006672563687741,211.0
0.242445879382657,0.0946868149243214,0.921180093468519,0.0414699608311871,231.0,0.1943080004539596,212.0
0.958831793167992,0.935426625165409,0.46049062901387,0.0468238974949013,232.0,0.8272946258550576,213.0
0.938324274472267,0.312350316654539,0.106396386541367,0.1113825174659053,233.0,0.3748370307968374,214.0
0.819829885891457,0.993513970766685,0.482077209660496,0.1827505112583749,234.0,0.1080089590626296,215.0
0.228560649359695,0.873315151656807,0.257632849141735,0.4971856900887516,235.0,0.0833366334188112,217.0
0.480152995632788,0.938631771963187,0.296995927009032,0.1827772137996874,236.0,0.8998239090276386,218.0
0.358256780421947,0.229019015836846,0.0232463638844614,0.7698875423611655,238.0,0.9961825198481036,219.0
0.0414641589000898,0.695039711134795,0.974221830607084,0.614532570302327,239.0,0.6530218915000915,220.0
0.278367577040164,0.538337657688951,0.717203971698093,0.5128319526320448,241.0,0.5960508199627862,221.0
0.679873056099403,0.312951410672343,0.622851928398711,0.1135369845847696,245.0,0.7842287617181631,223.0
0.335043032869227,0.668486493461195,0.750654372443887,0.0456544187657684,246.0,0.2690368823517198,224.0
0.22216895328592,0.940082879228588,0.379104357995645,0.5332896072028825,247.0,0.5671328586984057,225.0
0.366269311930466,0.405423834182516,0.7362925311456,0.4395886454810687,250.0,0.1477587617687045,226.0
0.401129548514523,0.0956325158320344,0.911695732374984,0.4378445343194377,251.0,0.3562796451377831,227.0
0.198844898037511,0.257829790593552,0.490933372954677,0.7330442433374941,252.0,0.7289883041592421,230.0
0.615636852420025,0.142835354730057,0.590919662606329,0.7213166139315792,254.0,0.9903555429108626,231.0
0.927082178626176,0.75893149724591,0.464442971876791,0.8082029004896617,255.0,0.6928994603777677,232.0
0.328132050590203,0.294899366838726,0.331797422030399,0.9999000961462168,256.0,0.1668061135787469,233.0
0.978284785506026,0.808038647376589,0.670401839896492,0.9970253214700532,258.0,0.0772719832440159,234.0
0.448461857051069,0.269007246642046,0.83807433908229,0.3866901776632205,259.0,0.0382204285169004,235.0
0.301074146634948,0.0807205039549911,0.769267643747873,0.5744230711330146,261.0,0.2248265648421776,236.0
0.486509742129335,0.582549562140818,0.678923684482775,0.0664677327556756,264.0,0.97595285944093,238.0
0.229235894341854,0.914503723567283,0.334126842770507,0.9494089995913008,266.0,0.5132437063603574,239.0
0.634444347527453,0.746998449997373,0.291450022984537,0.1151269115355509,267.0,0.9475921602775076,241.0
0.287849822748932,0.463294626099122,0.464042622835963,0.5390491268625256,268.0,0.7212073917541293,245.0
0.8844921071636,0.0934133388822505,0.52032892136629,0.4593491996639584,271.0,0.4406354147571648,246.0
0.336332445863386,0.225971683129355,0.359579020425554,0.5476859751756272,272.0,0.6349546851435514,247.0
0.628871313067239,0.966184564388414,0.838077432578208,0.5410837469646987,275.0,0.8279552002842484,250.0
0.259085956839798,0.802333901086232,0.647002116917746,0.1459593447544735,277.0,0.2130597351790117,251.0
0.062276368399196,0.523538505748098,0.879729846311199,0.5662773323798314,279.0,0.9038414747413144,252.0
0.145834956173027,0.280295938144551,0.33811304787242,0.0122392230169336,280.0,0.9211343131975356,254.0
0.400538366920697,0.434663651328787,0.0164905276144781,0.8358459580452217,282.0,0.7454413899641218,255.0
0.330160444646672,0.216267070071479,0.565167753727429,0.7013921323774973,284.0,0.6785206517022268,256.0
0.787894295993801,0.612458249734695,0.763542507195065,0.4903822798869008,285.0,0.7672173734189925,258.0
0.255562225219916,0.25941768562388,0.67479610725983,0.0554173799443779,286.0,0.3661793981146828,259.0
0.677355287317581,0.232043642532732,0.887614411509563,0.6048001739896468,287.0,0.0162742164832585,261.0
0.154899641503568,0.933662187938629,0.792826375585936,0.7303749742449928,288.0,0.1009737483227416,264.0
0.664864937165291,0.687224924152902,0.431238008405517,0.0335855309856957,289.0,0.4243590621596873,266.0
0.186048220424261,0.37496086087749,0.163701640379019,0.3097064773218744,290.0,0.8728888009599804,267.0
0.67914929157109,0.863549305545036,0.509536678867047,0.0737991638305309,292.0,0.1406378903713344,268.0
0.378462054404491,0.631038852238083,0.960627037514938,0.8717966008333118,295.0,0.997709343130391,271.0
0.980735888092744,0.325832102703111,0.387676991570914,0.6788408537734414,296.0,0.7823015797529487,272.0
0.677205846479987,0.595231337737804,0.743445964651998,0.5700421753767596,297.0,0.1023322637483691,274.0
0.962605800025345,0.887990758896006,0.0799283304696922,0.3252479745885874,298.0,0.3635477061368588,275.0
0.0754951912217748,0.945964674517764,0.249975382624799,0.9474900637976283,300.0,0.9290716895004874,277.0
0.37403335507477,0.66087078278627,0.621914034634579,0.1649430211753956,302.0,0.7450626695515356,278.0
0.170487164637777,0.317100989356655,0.284326899746504,0.3303470816613029,305.0,0.0530597752589365,279.0
0.331642017246428,0.0643685767752626,0.978397004873146,0.483610143759507,306.0,0.96727861406571,280.0
0.838926540192861,0.908851815309608,0.0173045786452392,0.7259638370969911,307.0,0.7074196447966855,282.0
0.840428340489109,0.947579298712002,0.868584206117548,0.3171502288187793,308.0,0.348271967069151,284.0
0.291294892605532,0.949763250082727,0.823745068830112,0.8853038750715968,309.0,0.8963630580488046,285.0
0.517939735178135,0.356707042460141,0.609354910021098,0.965093589254326,311.0,0.3209692709631269,286.0
0.540013033482889,0.384291067762513,0.683048277392087,0.2617304889327506,315.0,0.5740512600101435,287.0
0.607390716159609,0.219667151159558,0.707526482993873,0.2219581156876806,316.0,0.4955535709611471,288.0
0.43112917930593,0.462898967878746,0.922877338960501,0.6961879640853076,317.0,0.9468521620526602,289.0
0.37433589361991,0.39212123463782,0.983546977911899,0.296739523831302,318.0,0.0978468111406064,290.0
0.645552663772216,0.0519901701679421,0.894156024591525,0.8894760685130723,319.0,0.7634367228939519,292.0
0.0301385077964052,0.112611816269389,0.196610148970053,0.4840037352309843,320.0,0.2007946548269559,295.0
0.477538024647297,0.80344875344872,0.676275704889851,0.8718385287579311,321.0,0.025168846507377,296.0
0.46662176850297,0.289590534786241,0.678646963989284,0.2109030085970822,322.0,0.819279318769142,297.0
0.637620862646797,0.691626180185545,0.31085034125519,0.2556715976738413,323.0,0.2382082762961294,298.0
0.281649670549277,0.803604803674466,0.162187705559785,0.9864924465344248,324.0,0.1584150669142544,300.0
0.857223697777417,0.260200185579709,0.872890288205632,0.4349049086527089,325.0,0.0951610379324588,302.0
0.45469273637757,0.488526012689839,0.129473933580648,0.2993206020718204,326.0,0.3421794666089699,304.0
0.650758762009955,0.940325307629652,0.740296155755845,0.9766578486655468,328.0,0.9558435972691808,305.0
0.396462690052624,0.144319675827581,0.857381607270388,0.2847419708976236,329.0,0.1809333402260219,306.0
0.260838391098168,0.453621092544194,0.97080312812454,0.8664865106387947,332.0,0.1557330189922224,307.0
0.211246523576685,0.45543870353793,0.705046516520044,0.4314657226209515,333.0,0.7839689979569393,308.0
0.885658249222988,0.91169748441628,0.849188739300314,0.2081585423627124,334.0,0.5732373796497658,309.0
0.0859741066856694,0.0696945450030596,0.848788967926514,0.207813763262095,335.0,0.1376899564288182,311.0
0.291426140686002,0.49389757079978,0.110014554479648,0.5307838653225604,336.0,0.7999913953382128,315.0
0.229978556426685,0.938232022101535,0.196010001505543,0.6172959286560376,337.0,0.6260483641320638,316.0
0.0329765440302949,0.0979060871789604,0.143697870788008,0.4525963705278349,338.0,0.0860162992239512,317.0
0.715053849758953,0.197344118394567,0.745415273186449,0.562619768593395,339.0,0.260581531555434,318.0
0.944597685732158,0.0537451182464646,0.278444421973537,0.7991865252949247,340.0,0.2173294991035155,319.0
0.491395496897189,0.920685477666138,0.598968273082468,0.4329523383901383,341.0,0.9026356612849018,320.0
0.777318095268663,0.0254220042001592,0.430248822824055,0.0729692430909492,342.0,0.2099924876509926,321.0
0.649941844462997,0.530783082011341,0.483213610720045,0.6403730021288582,343.0,0.7154842616478327,322.0
0.0659753279861001,0.883794752222533,0.263432318867557,0.0883518689966419,344.0,0.0191215305305637,323.0
0.238520028242415,0.51071601548751,0.0645195724588955,0.058514122045032,345.0,0.9260228572379522,324.0
0.464649341349651,0.656414545957323,0.904900234446924,0.0571607710957112,346.0,0.8004011033589357,325.0
0.282323686862725,0.146350615042028,0.476118302142807,0.8536895827449622,347.0,0.6491344842319828,326.0
0.807124225925144,0.166338956157997,0.243154662525554,0.8963385243303839,348.0,0.6145975548908343,328.0
0.299544645956495,0.926279321739626,0.9166387581106,0.5855451914060558,349.0,0.2696630759198101,329.0
0.948807761785465,0.33904394996354,0.484456830470329,0.4474982106826963,350.0,0.6538372218892575,332.0
0.385316188483271,0.337653570403132,0.172548485031849,0.4643830015245643,352.0,0.6476317766763503,333.0
0.302611884650348,0.160831669399746,0.825152173318886,0.0831034663352051,353.0,0.4200266988543674,334.0
0.415984674126692,0.747958089927248,0.288350932885711,0.5741342177184389,354.0,0.4854367776447207,335.0
0.892914855175786,0.47917576540094,0.0317365714746862,0.9169258701178225,356.0,0.7694756495338624,336.0
0.136488613706646,0.811834780254109,0.366627455523088,0.1402564039764607,357.0,0.5378608221138411,337.0
0.913450965436488,0.0347827405400506,0.562243709006104,0.8905214502878881,358.0,0.2264019375485803,338.0
0.459740857481998,0.432706303686657,0.473233816832669,0.9491215338973096,360.0,0.5541586770454647,339.0
0.158351866539123,0.475820300360412,0.368214459091761,0.6148991820453902,362.0,0.934814318607522,340.0
0.449086298991796,0.700803612530968,0.499288108987019,0.5056050223908283,363.0,0.6948921112527567,341.0
0.267363821261371,0.825224222879863,0.790823300791747,0.1462804386531581,364.0,0.5154034339440987,342.0
0.737138158658006,0.847726340155237,0.451269549225192,0.8063539294809241,365.0,0.1254330494045658,343.0
0.767364948165511,0.894585120128172,0.19547443158207,0.6901348796618,367.0,0.0848463423475408,344.0
0.725403209272359,0.678438124289043,0.560128245850773,0.0217072520367116,368.0,0.8503941610625027,345.0
0.912771459190737,0.409234159731734,0.224226218581282,0.415306930985973,369.0,0.9127714591907368,346.0
0.57200334729519,0.882655398467452,0.170886363275972,0.7735362489573474,370.0,0.8752651546146998,347.0
0.719975254854142,0.0843753460640222,0.518466482104612,0.3625566355765902,371.0,0.4179799611718026,348.0
0.571007778264824,0.438195515960604,0.551123006738337,0.6898425866636675,372.0,0.6756202743163638,349.0
0.395613106852473,0.760407345694078,0.335114074022859,0.1642560309557041,374.0,0.8702043555348797,350.0
0.748785716134678,0.186969176219424,0.275118115112607,0.3256983693110257,377.0,0.2176186411569303,352.0
0.0674204186480685,0.664807723894672,0.382726125008081,0.3697488112339123,378.0,0.1856720087526467,353.0
0.244225818285077,0.775932282231548,0.235509660210745,0.1672165566599091,380.0,0.2469824148488949,354.0
0.165003239526556,0.66111009588397,0.63707128412124,0.3240630141952201,381.0,0.3024361303747755,356.0
0.369559956245339,0.741112246015954,0.127741288840984,0.3606889599573998,382.0,0.7501437722326234,357.0
0.571203633156172,0.201918822903406,0.766651826344301,0.421074961291335,383.0,0.997309631475496,358.0
0.554367684304367,0.687763825132002,0.903713031220484,0.5886302985979799,384.0,0.4275062204386247,360.0
0.659843681391976,0.0102116989912504,0.271303845390311,0.7917871420970977,385.0,0.6011117791935171,362.0
0.0429309208961115,0.389701483145343,0.803513366266654,0.8451343103250277,386.0,0.2370827149709766,363.0
0.468061419004118,0.576061856043305,0.239695155125868,0.8731013067055272,388.0,0.1295580727337132,364.0
0.579775741717195,0.112321111632472,0.926256474715219,0.1569390967273471,389.0,0.5393088994354418,365.0
0.0981507903696579,0.657706039388263,0.207547247383401,0.0243441547414565,390.0,0.1394959429392251,367.0
0.247838561212009,0.758859215622088,0.84445004499194,0.6823424611506903,392.0,0.2349190763836141,368.0
0.769994217384568,0.519935133723986,0.369789289308392,0.2589988501225576,395.0,0.77259314938423,369.0
0.851484505576417,0.653131316609058,0.022398268977443,0.4905558649481333,396.0,0.8932365497788697,370.0
0.0347667907919515,0.511938810792389,0.489968034579464,0.7505137807397456,397.0,0.3950644472072497,371.0
0.55118777069725,0.13686999373817,0.842483769678084,0.9059674325377048,398.0,0.4749082290780538,372.0
0.47610239108658,0.924932235623695,0.22685967393952,0.8051987015436323,399.0,0.5016249655966323,374.0
0.841655478424196,0.333901708902768,0.322611965342045,0.6943104083000701,400.0,0.457129200583849,375.0
0.612857292882562,0.526791746430465,0.668832768002127,0.7305343206082674,401.0,0.2850086255091536,377.0
0.0211694454810906,0.295674945747423,0.334734706835659,0.3798895736898143,403.0,0.9388584385048676,378.0
0.0566499229328666,0.564304374109363,0.627829478400937,0.7731273875802767,405.0,0.2101524586356858,380.0
0.92464821369277,0.582392074696082,0.308360668948955,0.466585566596271,407.0,0.9880213483232714,381.0
0.762025003622017,0.801218110350257,0.767844365457403,0.5368221863642266,408.0,0.3456122479020158,382.0
0.0293389968287953,0.404488629683044,0.512159627953838,0.1865835463897995,409.0,0.3449820687070878,383.0
0.913903374391054,0.258872746243238,0.0787934969965326,0.1877740696881999,410.0,0.3691775214146803,384.0
0.796367361261109,0.592591147674801,0.426488420516641,0.5583752758814039,411.0,0.9662215327799062,385.0
0.368923031798034,0.146083621028142,0.293146925133846,0.9320175946560864,414.0,0.412722726412477,386.0
0.550745018177451,0.33047658006477,0.132398415740778,0.4517201934212149,416.0,0.6021465257366936,388.0
0.289442742033789,0.677050051275235,0.26810286814036,0.550608429925316,417.0,0.0434922895376912,389.0
0.386886653934546,0.305827002535357,0.557515377487123,0.0168590469148546,418.0,0.8093775680533132,390.0
0.257820970753859,0.789147669974786,0.179450029913467,0.6340374764660452,421.0,0.0788600326057323,392.0
0.201872025325636,0.590483989768689,0.537231597532576,0.961709859626268,422.0,0.8594255734384387,395.0
0.294162413442575,0.540006424581893,0.326842771061325,0.6012917335263652,423.0,0.2941624134425751,396.0
0.288661311344465,0.587425391680336,0.992412479894486,0.204509029665161,424.0,0.2806170957989331,397.0
0.176554012331191,0.0228926891247495,0.739369001643122,0.6093445356537431,425.0,0.549591693823,398.0
0.0216261067802049,0.0851081205986434,0.456471497194343,0.4162003693145288,426.0,0.5858327337486106,399.0
0.0178754945715102,0.788183792579055,0.502407433366267,0.6030726798337525,427.0,0.3137530147487085,400.0
0.70058857212413,0.187102808007499,0.710395651916518,0.544310500890208,431.0,0.4195242434009009,401.0
0.283523866896988,0.278069218465687,0.0762068493488456,0.583931102099577,432.0,0.0072206049808036,403.0
0.638086980684578,0.769660510007653,0.0041793063315468,0.1457191578229129,435.0,0.8894787596335253,405.0
0.673467482335935,0.0208777325865145,0.239000894273851,0.2363601273091815,437.0,0.4322984953867425,407.0
0.665336518720843,0.500271133999303,0.0139258966377869,0.6316167306887771,438.0,0.4796141671258758,408.0
0.163298036994984,0.89008091615899,0.842279504684793,0.8843746710300868,439.0,0.5676789928695897,409.0
0.969914551810998,0.428955752306012,0.925143201195352,0.99514660159161,440.0,0.7487703328157987,410.0
0.0058372062384765,0.619619014446047,0.253703121781847,0.2200078628158828,441.0,0.7621754347152192,411.0
0.587628141460403,0.887136279677005,0.734224771987443,0.0336321288174892,445.0,0.9912384816771832,414.0
0.631791410171504,0.113105895099828,0.974364778375876,0.3284318204673218,446.0,0.1396309240431359,416.0
0.768729784192196,0.114348905948789,0.830544149463078,0.8064071680595337,447.0,0.2458408317821954,417.0
0.0729831709339944,0.708950939941944,0.714020824662755,0.7880209770571079,448.0,0.5488974525178574,418.0
0.729697302470782,0.211248039765028,0.998931431272206,0.3789122698642777,449.0,0.7622554228196783,420.0
0.546135746502169,0.0452696980872362,0.564861191752223,0.9461285782415274,450.0,0.9708741724961536,421.0
0.528805630136131,0.0396790925565967,0.290340414305309,0.476901379832648,453.0,0.5288056301361312,422.0
0.0298514973423371,0.665853945888814,0.102045672193435,0.1651470478584198,454.0,0.9468860093909316,423.0
0.772417323592146,0.657335828944446,0.299451535829524,0.1421209958446244,455.0,0.4395976975376308,424.0
0.50295784284807,0.609076645388843,0.960285103189477,0.6866072474197352,456.0,0.6710620232096326,425.0
0.493792455845938,0.783422143673498,0.605987944446938,0.6814231293806724,457.0,0.0072062009479617,426.0
0.342304391122869,0.077753876363139,0.475119799307093,0.0115604493728511,459.0,0.0832169133728969,427.0
0.734560301479549,0.208359283544787,0.516122674051741,0.519062744690308,461.0,0.2682129239327711,431.0
0.797001751589856,0.972724062446825,0.648066080252194,0.2206131603446903,462.0,0.2199968224586562,432.0
0.922274142114763,0.0472118139304005,0.28084262854688,0.0569068491089218,463.0,0.3610020693608998,435.0
0.154163442708994,0.626996628270978,0.973877846883078,0.3290651083280707,464.0,0.953843338675334,436.0
0.714065255007596,0.433558737522963,0.849312324444044,0.4260888285963651,465.0,0.088972032662286,437.0
0.632736481072826,0.170392914881996,0.862780544292342,0.2523387130772684,466.0,0.4858342202592801,438.0
0.512186469033064,0.843533753828477,0.345315908306417,0.0932188155107842,469.0,0.4934251759186904,439.0
0.192936277727648,0.274109330577867,0.816063684429417,0.4391155057458681,470.0,0.9207865990695148,440.0
0.710390003799781,0.593007058806177,0.759346011371892,0.3743892345269732,471.0,0.5269759149074498,441.0
0.106639030743428,0.788506405423824,0.0779917693970882,0.09779632488876,472.0,0.976414637990656,445.0
0.441757315391603,0.318757371340499,0.64619119787446,0.3856853460167301,473.0,0.5437013492388759,446.0
0.895350030611408,0.596536008402467,0.554736419505792,0.0394344639791506,474.0,0.1451628604960239,447.0
0.655744924308743,0.700719678467704,0.872754569710109,0.679224147040917,475.0,0.6550216765860803,448.0
0.619039634725471,0.858788803000982,0.439442528615761,0.5934167897386787,476.0,0.2763966543437467,449.0
0.525260037101373,0.846725936075942,0.170737910489864,0.6508301252148405,477.0,0.2788603561405168,450.0
0.102667313396867,0.34785328900936,0.828906624734928,0.6449426286656497,478.0,0.8863001068690394,453.0
0.999040812408877,0.756061319134534,0.600398509584438,0.6713443045664541,479.0,0.11728834464296,454.0
0.318024582338627,0.984348035718837,0.405261587371229,0.4943376870217595,480.0,0.0586101147638928,455.0
0.053891431520746,0.66173372646515,0.86603654632503,0.6628170996358628,481.0,0.9419478498556624,456.0
0.767855237432208,0.661642066669229,0.687964202934531,0.6386112772511582,482.0,0.3561262355055251,457.0
0.466308989209341,0.278463683014725,0.801060080476779,0.2603479728328753,483.0,0.2227163439738623,459.0
0.060499906385022,0.869719438533971,0.0218515109668309,0.1649179344984217,484.0,0.4673038066313272,461.0
0.731269579915595,0.700511661951508,0.455952395572813,0.2299005781586603,485.0,0.9006577848986402,462.0
0.703529525469379,0.929890655348211,0.106896717845229,0.0587198108269012,486.0,0.9024271949484088,463.0
0.0760432176692322,0.862218074635124,0.323019642045688,0.1505455231951129,488.0,0.2556399533527248,464.0
0.975374856385863,0.838665991330955,0.640711329904776,0.6258208628106074,491.0,0.4342579278390283,465.0
0.983116939886446,0.464534900440539,0.390488872159504,0.6091106468143619,493.0,0.3569879281974802,466.0
0.0272997377533931,0.380924917517502,0.236600261893673,0.963932715854977,494.0,0.4335141803545246,469.0
0.745632324024263,0.0059590041712615,0.791379519030787,0.7903469605805932,495.0,0.4026587200681072,470.0
0.969118826680058,0.138804208173207,0.14552573277812,0.5707862377549586,496.0,0.0924264524847913,471.0
0.220231239548486,0.417069010747324,0.273357884615548,0.5362677557318599,497.0,0.928985376490408,472.0
0.214995651015803,0.657173884224853,0.981661188612803,0.4745787999878237,498.0,0.9262218745531544,473.0
0.761328044673966,0.0892275086330555,0.236241210474333,0.916790708408606,500.0,0.8819072627883531,474.0
0.811764600751143,0.804037156917685,0.63069848407674,0.5760898899604018,502.0,0.773682534357609,475.0
0.886243141030072,0.726094269613596,0.715750016594341,0.9549280843133094,504.0,0.655840598178746,476.0
0.100391841159399,0.833401139833517,0.960994756393307,0.9811316378300078,505.0,0.0191655272613546,477.0
0.296722062766494,0.77921789129736,0.0592236408181682,0.541740725731084,506.0,0.7260601125735167,478.0
0.849598089917773,0.634361013274483,0.290187317805211,0.2844462132567342,507.0,0.5359502317167513,479.0
0.142664948597438,0.994229633102246,0.412530691879802,0.5864464867511022,508.0,0.0986951093150049,480.0
0.164650466319619,0.112118808823265,0.528914202405333,0.2683356059952967,509.0,0.164650466319619,481.0
0.788597640403002,0.155480252267495,0.323232799137448,0.4790995885063037,510.0,0.9260459888159592,482.0
0.762124122945392,0.590246004012008,0.120562068850829,0.5644585669714355,,0.5624166066102523,483.0
0.0304434843616733,0.244059487136821,0.421401434262678,0.6126263991647402,,0.7083784688688309,484.0
0.571451185391743,0.526696057658101,0.475865143484809,0.4551907276445291,,0.5714511853917431,485.0
0.944576310414382,0.0214446165194464,0.91356201430083,0.662902790554721,,0.6658919774724686,486.0
0.745604600136016,0.791659042093349,0.588449052913439,0.6353071168573585,,0.8193662272792916,487.0
0.12051650804612,0.708322007928301,0.391631847036572,0.7870404089607937,,0.2102547031819974,488.0
0.352043402695157,0.962111850117764,0.539415271946856,0.4042736779570157,,0.8519961768363913,491.0
0.983976248357537,0.977791432021115,0.331244003330343,0.1914699148909635,,0.6434731511651894,493.0
0.401590793143241,0.058713949585656,0.376005482076142,0.884749473039676,,0.6158657041895357,494.0
0.577602656507128,0.321369132159576,0.177431762173934,0.2322717122707018,,0.3263867912366087,495.0
0.363248674416473,0.911195623136746,0.702350903040224,0.593843242217603,,0.8657210597216453,496.0
0.143081202397751,0.798122492190193,0.0245433939207099,0.7014317519333396,,0.8494190569612163,497.0
0.978313035180352,0.485094382759902,0.0807505302406806,0.225985304083205,,0.4831756308388659,498.0
0.223933704097141,0.415499387913546,0.583817858462352,0.0760730370925794,,0.1803055653379091,500.0
0.802019280906106,0.957094335275327,0.341006516811735,0.2079864262973779,,0.9848456802669628,501.0
0.610245690974894,0.211498073856264,0.719759570619883,0.0844842114423595,,0.4176871400844575,502.0
0.312283291503361,0.582416218660862,0.596972245629525,0.4865702281174731,,0.5551047195512396,504.0
0.794019518326704,0.769657597802181,0.416387062607849,0.2400814193833363,,0.5553392443953862,505.0
0.0022677886614905,0.0778421205315448,0.0100164418778379,0.5932306474455676,,0.364339186638726,506.0
0.808721131489619,0.366683368067992,0.266294689591411,0.1285747997147088,,0.720643360194319,507.0
0.0722998248901763,0.939277198689433,0.200457044429899,0.7411675413663409,,0.2001859592947826,508.0
0.575480253481519,0.227852027669629,0.261350238087989,0.1061255186706284,,0.242121534891726,509.0
0.616159726224368,0.142953501804638,0.612003646092214,0.988408424656675,,0.2476165002418102,510.0
0.0612967057027415,0.968799449104525,0.274496044774842,0.3111571424229313,,0.7405191167632784,
0.135654087375581,0.590077732441971,0.672769025431073,0.0513951851065754,,0.5834015068564209,
0.355184001837262,0.277372961900247,0.326308823206987,0.9303690872699572,,0.8646754590876383,
0.433883376211701,0.0318935938998645,0.174082109008753,0.5830949666361891,,0.73487838101957,
0.417024219682562,0.934827370830898,0.97986225548047,0.675186736334551,,0.0501818294563471,
0.671220109958405,0.443921482328325,0.25775740727865,0.2344946005270517,,0.5964597516036291,
0.993278256082695,0.515135115840447,0.101556198336248,0.7834229705664872,,0.7210172043223765,
0.584800159541029,0.899113079591764,0.471435806408452,0.0039759771779634,,0.790626248657652,
0.48674896365267,0.142812280612364,0.184743129195632,0.5810445464273071,,0.030249181348625,
0.89900515709516,0.709883042812728,0.635535855689081,0.7461270876467141,,0.6806146198713745,
0.835457942662885,0.313133066598152,0.662824650657107,0.358167950519633,,0.6161544507334377,
0.248452729371116,0.834740369093386,0.290666817037769,0.2540215294421943,,0.584534013102147,
0.976195524762568,0.118700362906598,0.835046140324819,0.6677310114056357,,0.1908407153036948,
0.228714516610942,0.0433586041019974,0.42588841883387,0.7197175353154296,,0.3844469685864039,
0.279287598447615,0.398940300939581,0.864066889991426,0.9004010899794977,,0.497755743544676,
0.857890705992136,0.92528822846655,0.994721826745016,0.6634387047831112,,0.4942663467301692,
0.259777806763052,0.65970350295092,0.965989064886874,0.8378273033726437,,0.616102759842114,
0.551527241830802,0.128196996673773,0.458695845132129,0.0156749360182896,,0.3222710138546569,
0.748008723846224,0.337408488907841,0.803960154844983,0.1268289313441467,,0.7480087238462236,
0.422863506600308,0.208387533794843,0.301780217132896,0.0486434293946169,,0.2848462236202937,
0.79378230142889,0.717404462664251,0.878622237423113,0.2262962986065019,,0.9001927421840364,
0.269401454217864,0.994095161820459,0.005743245135236,0.8263051311996167,,0.7459383545236522,
0.262146420437338,0.680206128958038,0.207098388865995,0.968061469283669,,0.4916110980414571,
0.211731762059496,0.960805197490024,0.29629178453371,0.5560974471988024,,0.9355382739957154,
0.199547448104265,0.0338264015335299,0.572343247163706,0.7098487424227266,,0.5169880044098734,
0.204844174691429,0.192010455660481,0.746031256059537,0.0811081632303685,,0.9060800062070876,
0.328330095290794,0.436289310762129,0.63955818184439,0.9617823480220162,,0.781761530681748,
0.4063700630167,0.773620264512097,0.288976123691922,0.5514366301608655,,0.8845472402274561,
0.972144096088606,0.991808542460524,0.612336300030955,0.7657981474953697,,0.6924242612707397,
0.168008828897142,0.911834942686817,0.19719299357431,0.5565249691831049,,0.79580297346016,
0.867124644786528,0.233437029212853,0.826955080640278,0.3753852695760129,,0.4826129888457916,
0.787169119851337,0.71522288909087,0.0847460019302854,0.8482471397573395,,0.4054238621277811,
0.423557610908193,0.705615112355306,0.819650166610776,0.0697696520414686,,0.6794004665438959,
0.693888548561906,0.292524575442821,0.320057841370245,0.722277394212005,,0.596055858087434,
0.775714643593154,0.472079721288681,0.260626147065966,0.6006466497973157,,0.4926502366024893,
0.176881948796047,0.777373516991983,0.775976326083931,0.3313149495081073,,0.9244312686734192,
0.0345881086344967,0.432888676812495,0.0016239554223748,0.3630905186668473,,0.8637291342299704,
0.730382341290226,0.171197896260174,0.190395361107206,0.0548759454534004,,0.159250560717524,
0.356576471100284,0.38754085177699,0.463847649921615,0.2728975033442224,,0.5704207383900541,
0.265167019551601,0.14143980599924,0.773817662343811,0.5322142762482388,,0.2563686559209001,
0.884719181084802,0.573747933726336,0.906283295226937,0.84382076159749,,0.51651700193309,
0.120158672614391,0.375003452952258,0.141518004736905,0.1415536073276767,,0.7779175363806569,
0.869116163644393,0.052036045191279,0.517172194277516,0.9888097778477472,,0.9357134861444664,
0.37083958660586,0.245952638976708,0.667800705087465,0.0120789433751095,,0.9334693724454296,
0.298308377423418,0.854982946208119,0.120560623474363,0.6809393080709646,,0.1068151486336498,
0.671435349405616,0.894847987370211,0.985702291832474,0.700321139424003,,0.6485809043548489,
0.933763282619957,0.834579311602167,0.136409100046735,0.1891739444532567,,0.4598288947364489,
0.432632426709087,0.40757735183514,0.588613552992398,0.7139320072438089,,0.9152204171196764,
0.702111304914109,0.965750917886483,0.301063909561526,0.9017640413037268,,0.4852869314756131,
0.737289771827933,0.136553545820327,0.295851112393291,0.3525011267224702,,0.0813346806515263,
0.192134220237758,0.141751047074966,0.918645576239927,0.5033393598204036,,0.1304571427273773,
0.107315816804584,0.807708361750113,0.0370723235382008,0.4877098644384172,,0.0262818597332635,
0.149204217258449,0.510958998464894,0.0519177738231177,0.2644105854739247,,0.7367154396455228,
0.304876013280773,0.342594675910484,0.763301955587893,0.42325257603937,,0.6873229612040904,
0.67935987387043,0.578551921385209,0.56741998993844,0.27144776834924,,0.3454436145928933,
0.641600009343722,0.74828068459897,0.464709991916972,0.8482845854009755,,0.4896375515844738,
0.121227253789557,0.263336941290848,0.419946615433051,0.363482277718621,,0.8577686228174262,
0.78817911895347,0.0258876521537634,0.627132061566883,0.1929718730258265,,0.0534488793154995,
0.752611233675869,0.316897904755778,0.311135702137146,0.1250445425671094,,0.180986958644613,
0.752492382104183,0.0647667356703343,0.419872006195754,0.0050428650222984,,0.7352686747798671,
0.677904079764626,0.505223553658419,0.0162363449722375,0.1897384552603481,,0.3425692083640861,
0.114116259257329,0.540529016776799,0.269893289112552,0.0003499059128551,,0.0560677186372103,
0.254243458538575,0.596764096058255,0.513039438644768,0.9447171726548536,,0.6272833084689144,
0.299106986038122,0.077273260776107,0.807366553355823,0.5333189328487503,,0.0024532723558369,
0.0391027063714479,0.305119718331211,0.237408593850836,0.4099604097327496,,0.5878407832752199,
0.0832341996456621,0.559381941065885,0.834272878850784,0.7650180446573666,,0.598538276987043,
0.653006349012059,0.19823598165818,0.847885966412619,0.4923785473391584,,0.4636172430582488,
0.795360157051019,0.282399884656903,0.011700969150919,0.150791949276791,,0.9899896812060816,
0.730318496077221,0.411176565664059,0.400016707292612,0.8630614095084107,,0.0966185600736659,
0.294720116456133,0.0221666692451769,0.603502265525946,0.8250477939861426,,0.6958278444199036,
0.476858287630499,0.939855430089152,0.271979687714294,0.2774986738963777,,0.5034184731555631,
0.445316803065442,0.735121279427632,0.923141580605836,0.2611782946288733,,0.836382798185808,
0.82751504527728,0.249636560746909,0.0065974620331185,0.9055911943882804,,0.731640441574322,
0.584149426675304,0.525845289220753,0.971620764928246,0.9857762880801068,,0.7861603191470059,
0.182235731124578,0.793152177439681,0.379354067576376,0.1799969128427392,,0.5027971216246616,
0.832156166993368,0.0413913846448661,0.184035569223606,0.6971406713198148,,0.8335128450448207,
0.122490262018075,0.890437337612966,0.480741409908283,0.7081861460171669,,0.1412612665055591,
0.963106323190472,0.398080385090489,0.87132341464954,0.9672641314987256,,0.5150765743326056,
0.297074857557707,0.500420509753472,0.856959618661439,0.4904428564129905,,0.4758063753114224,
0.881000851147853,0.736072583447863,0.441767823211058,0.1416236131333619,,0.4634076199268611,
0.886858364390498,0.0572635500031926,0.420409618811837,0.7506475409806226,,0.2343322709468752,
0.146968574985549,0.834102427702626,0.738705104112217,0.5106324861130309,,0.2904215281250437,
0.692223675914043,0.985885161333271,0.173618714764502,0.3824374416809606,,0.1208840534744325,
0.438394270304473,0.897808340802398,0.081105747433481,0.9303393178402832,,0.9384476261730044,
0.331597801351194,0.596608234316397,0.0672851442308943,0.2159485836542819,,0.4397409127191017,
0.62685928811636,0.47389647710713,0.500198073079393,0.9061842733208472,,0.4167067629516079,
0.836696310018227,0.859387479373829,0.223691296604818,0.4060159360518347,,0.418689273192661,
0.0483254674311379,0.477502835351758,0.414428710607891,0.1712971525383001,,0.6307832014156228,
0.280271860510783,0.28737398336793,0.311121246853004,0.758496030975613,,0.2249804327022021,
0.481896323774763,0.300280590502698,0.327292038528996,0.495745416998804,,0.6175432924874196,
0.193129296189727,0.517870852202741,0.0031303151434207,0.9173472912473828,,0.8967972851121179,
0.562616392954598,0.341462578581841,0.456470359927786,0.4548331589192762,,0.7724757770757117,
0.119301418012741,0.771053945713249,0.928560003677363,0.4429417146787783,,0.8593219415425587,
0.77557274238172,0.0065814830228243,0.776725958968249,0.3689232830488702,,0.3487729318021416,
0.184124401163348,0.865389070767012,0.761699132164632,0.9496948648171488,,0.1251071100395178,
0.0355573651498771,0.454172396903363,0.696737260104975,0.1936903521076726,,0.3277863965534695,
0.403097579181811,0.379738072574207,0.178315480583875,0.6754043577646717,,0.5147461944717004,
0.673303997727531,0.316191868162539,0.178245820680066,0.9702676045145372,,0.8725138854385447,
0.64235953124643,0.038310821578363,0.567605774235816,0.994269286783264,,0.6545223230288112,
0.459848521108183,0.645031057116399,0.926091094884049,0.5881464309060835,,0.9112472963345568,
0.35798749058558,0.397491042950186,0.760410280538693,0.4267080933032983,,0.8059634117689086,
0.0650168228152602,0.524614611158978,0.577509778061144,0.3564244303980699,,0.8006076628587497,
0.229965851301136,0.478531225111982,0.880145179275849,0.7110241725581904,,0.4605545632658657,
0.149165157297534,0.407496526775202,0.103599554742413,0.6516882558664566,,0.1988908703980633,
0.329278137906822,0.202628930873423,0.145881887646914,0.1981859926488475,,0.1361778554418167,
0.967548701574946,0.483116615248365,0.988167907380035,0.6038920959635143,,0.7249632470890108,
0.384328891309114,0.812609788888283,0.72192972194095,0.9974248500774996,,0.3400127919796002,
0.402369813340683,0.79658179607783,0.146354241018003,0.8852318603848791,,0.837583514925885,
0.800857442889174,0.92201972421319,0.0447541908949578,0.193079731262133,,0.8137757373071659,
0.155175300785154,0.220871700533033,0.289056575884015,0.1074460285312483,,0.9742635846220776,
0.207395826347652,0.0212535858482744,0.193787420256946,0.8304148194403993,,0.2343373921659252,
0.669082851107643,0.364330785162053,0.159667060617075,0.0971757489531186,,0.5511095263136284,
0.40564263427174,0.839355571075139,0.354392635227679,0.5158569190467943,,0.7879449625512843,
0.154173626820797,0.616426099657123,0.484329364060477,0.3612836345000607,,0.4139991506584382,
0.90812457268982,0.604831152004646,0.005149178731645,0.2440648587266122,,0.9081245726898204,
0.70250300718895,0.318225128051941,0.896831652670159,0.2500990532801536,,0.3046344652143193,
0.920402042034596,0.103965235092024,0.215759005520317,0.7480200680678235,,0.5332857387899362,
0.545156338725012,0.491617659295702,0.607976483594701,0.3638457897886495,,0.4884149705481787,
0.22126511603231,0.665083307793196,0.239223907074168,0.1215653743598343,,0.969932719255734,
0.885352827312281,0.732047175649342,0.155343399546598,0.3212824287967899,,0.6239684877458272,
0.949736204530975,0.658802100132322,0.914628829974355,0.1712086382731595,,0.5019482154457202,
0.15616024943138,0.633006810316982,0.903129403200751,0.5613605428741997,,0.4110694163491348,
0.940123061868812,0.812332476958654,0.324246418898312,0.1302393737373816,,0.6355123234900851,
0.438294813528421,0.0979671201535675,0.232768802201382,0.4207278891793368,,0.4577672978112073,
0.118627285545797,0.573290892441259,0.809108408822534,0.7415034744843135,,0.026694057027147,
0.0948869558023914,0.36706828115426,0.0054535611217122,0.0954871505710424,,0.0948869558023914,
0.103255599067051,0.638415952563663,0.0444577094392108,0.2655561793507226,,0.768378038178164,
0.146707292543372,0.07377661946297,0.769639215361486,0.4615002420921811,,0.6035380247220082,
0.723373367979653,0.83762674041231,0.574070993157048,0.8654434729185184,,0.3549674486030323,
0.359322620404485,0.206872064121871,0.088078260806126,0.8092208400815715,,0.6935121972896754,
0.877285405893877,0.5749234778103,0.84410577076065,0.4880230233530477,,0.3479260797105378,
0.275328377981207,0.574981243818524,0.541305592718485,0.7875563650191111,,0.8000354046700463,
0.809492814692173,0.129258602933285,0.199616304512941,0.2945419489037567,,0.8658135819846602,
0.161253398996236,0.194007093245852,0.52997686204096,0.5702433354213345,,0.3341725492392084,
0.376946017901297,0.644819931798662,0.831902506491824,0.4723652466665013,,0.5898295969228414,
0.633398130198193,0.281323227072285,0.273127754620471,0.6355208419066546,,0.9332096878280496,
